-- phpMyAdmin SQL Dump
-- version 4.9.2
-- https://www.phpmyadmin.net/
--
-- Hôte : 127.0.0.1:3308
-- Généré le :  sam. 09 mai 2020 à 16:16
-- Version du serveur :  8.0.18
-- Version de PHP :  7.3.12

SET SQL_MODE = "NO_AUTO_VALUE_ON_ZERO";
SET AUTOCOMMIT = 0;
START TRANSACTION;
SET time_zone = "+00:00";


/*!40101 SET @OLD_CHARACTER_SET_CLIENT=@@CHARACTER_SET_CLIENT */;
/*!40101 SET @OLD_CHARACTER_SET_RESULTS=@@CHARACTER_SET_RESULTS */;
/*!40101 SET @OLD_COLLATION_CONNECTION=@@COLLATION_CONNECTION */;
/*!40101 SET NAMES utf8mb4 */;

--
-- Base de données :  `horaire`
--
CREATE DATABASE IF NOT EXISTS `horaire` DEFAULT CHARACTER SET utf8 COLLATE utf8_general_ci;
USE `horaire`;

-- --------------------------------------------------------

--
-- Structure de la table `cours`
--

DROP TABLE IF EXISTS `cours`;
CREATE TABLE IF NOT EXISTS `cours` (
  `idCours` int(11) NOT NULL AUTO_INCREMENT,
  `nomCours` varchar(11) NOT NULL,
  PRIMARY KEY (`idCours`)
) ENGINE=InnoDB AUTO_INCREMENT=42 DEFAULT CHARSET=utf8;

--
-- Déchargement des données de la table `cours`
--

INSERT INTO `cours` (`idCours`, `nomCours`) VALUES
(1, 'ALP_'),
(2, 'Trav.Perso.'),
(3, 'TEPR'),
(4, 'FRTC'),
(5, 'MODE'),
(6, 'RESE'),
(7, 'TQGE'),
(8, 'MISE'),
(9, 'DROI'),
(10, 'GEDE'),
(11, 'CHCH'),
(12, 'DWEB'),
(13, 'CAPP'),
(14, 'BDDO'),
(15, 'PRGE'),
(16, 'ALO_'),
(17, 'ANTC'),
(18, 'ELGL'),
(19, 'AN'),
(20, 'Projets'),
(21, 'APO_'),
(22, 'GEST'),
(23, 'BUPL'),
(24, 'AISI'),
(25, 'DMOB'),
(26, 'ABDD'),
(27, 'INDE'),
(28, 'MANA'),
(29, 'ORGA'),
(30, 'INLO'),
(31, 'DEVO'),
(32, 'Stage & TD'),
(33, 'BUR'),
(34, 'CPTA'),
(35, 'HTML&CSS'),
(36, 'CORD'),
(37, 'OS'),
(38, 'PHP&MySQL'),
(39, 'SAV.ETRE'),
(40, 'Proj.inter'),
(41, 'Proj.final');

-- --------------------------------------------------------

--
-- Structure de la table `etudiant`
--

DROP TABLE IF EXISTS `etudiant`;
CREATE TABLE IF NOT EXISTS `etudiant` (
  `idEtudiant` int(11) NOT NULL AUTO_INCREMENT,
  `nomEtudiant` varchar(50) NOT NULL,
  `prenomEtudiant` varchar(50) NOT NULL,
  `sexe` varchar(1) NOT NULL,
  `idGroupe` int(11) DEFAULT NULL,
  PRIMARY KEY (`idEtudiant`),
  KEY `idGroupe` (`idGroupe`)
) ENGINE=InnoDB AUTO_INCREMENT=99 DEFAULT CHARSET=utf8;

--
-- Déchargement des données de la table `etudiant`
--

INSERT INTO `etudiant` (`idEtudiant`, `nomEtudiant`, `prenomEtudiant`, `sexe`, `idGroupe`) VALUES
(1, 'Ademi', 'Argjend', 'M', 3),
(2, 'Albuquerque Simoes', 'Artur', 'M', 4),
(3, 'Assiamua', 'Komivi Jarod Manuel', 'M', 4),
(4, 'Berisha', 'Veton', 'M', 4),
(5, 'Cisse', 'Mohamed', 'M', 4),
(6, 'Dey', 'Michael', 'M', 4),
(7, 'Edi', 'Edona', 'F', 3),
(8, 'Eduardo Zabalaga', 'Gonzalo', 'M', 3),
(9, 'Esquivel Huaranga', 'Isis Silvana', 'F', 3),
(10, 'Fernandes Carvalho', 'Tiago', 'M', 4),
(11, 'Goncalves', 'Jeff', 'M', 4),
(12, 'Ivanovic', 'Stefan', 'M', 4),
(13, 'Kandiah', 'Gowsika', 'F', 3),
(14, 'Kouma', 'Assagnon Pierre-fourrier', 'M', 3),
(15, 'Martinez', 'Gabriel', 'M', 4),
(16, 'Nocera', 'Alessio', 'M', 4),
(17, 'Patino', 'Diego', 'M', 3),
(18, 'Regadas Pereira', 'Bruno', 'M', 4),
(19, 'Salihu', 'Fitore', 'F', 4),
(20, 'Salihu', 'Selvete', 'F', 4),
(21, 'Vielliard', 'Yann', 'M', 3),
(22, 'Aktas', 'Mirkan', 'M', 5),
(23, 'Ali Abukar', 'Fahima', 'F', 5),
(24, 'Avdullahu', 'Perparim', 'M', 5),
(25, 'Berge Real', 'Romain', 'M', 5),
(26, 'Bonga', 'Kevin-eric', 'M', 6),
(27, 'Brique', 'Ryan', 'M', 5),
(28, 'Dalphin', 'Charles', 'M', 6),
(29, 'De Sousa', 'Victor', 'M', 5),
(30, 'Ferreira', 'John-davy', 'M', 6),
(31, 'Lajqi', 'Mendim', 'M', 5),
(32, 'Leng', 'Limeng', 'M', 5),
(33, 'Monteiro Soares', 'Dylan', 'M', 6),
(34, 'Perrod', 'Maxime', 'M', 5),
(35, 'Pinto Alves', 'Andre', 'M', 6),
(36, 'Pio', 'Luca', 'M', 5),
(37, 'Rojas Justiniano', 'Fabricio', 'M', 5),
(38, 'Sadani', 'Adam', 'M', 6),
(39, 'Sanz', 'Michael', 'M', 6),
(40, 'Tyarks', 'Richard-andre', 'M', 5),
(41, 'Aiyathurai', 'Garshan', 'M', 7),
(42, 'Antonijevic', 'Nikola', 'M', 8),
(43, 'Baehler', 'David', 'M', 8),
(44, 'Barbosa Alves', 'Kaue Andrey', 'M', 7),
(45, 'Boquete Costa', 'Damian', 'M', 7),
(46, 'Bratic', 'Aleksa', 'M', 7),
(47, 'Castro Guzman', 'Ricardo Andres', 'M', 7),
(48, 'Cid Martinez', 'Laura', 'F', 8),
(49, 'Fabre', 'Mickael', 'M', 8),
(50, 'Gonzales', 'Paul Vincent', 'M', 7),
(51, 'Halili', 'Admira', 'F', 8),
(52, 'Idrizi', 'Milazim', 'M', 8),
(53, 'Iseni', 'Aferdita', 'F', 8),
(54, 'Jovanovic', 'Damjan', 'M', 8),
(55, 'Kara', 'Nisa', 'F', 8),
(56, 'Kutesa', 'Clara', 'F', 7),
(57, 'Mathlouthi', 'Ismael', 'M', 8),
(58, 'Mourin', 'Angela', 'F', 7),
(59, 'Muminovic', 'Nerman', 'M', 8),
(60, 'Rasino', 'Bryan', 'M', 7),
(61, 'Rocha', 'Raynner', 'M', 7),
(62, 'Rodrigues', 'William', 'M', 7),
(63, 'Teclea', 'Sava', 'M', 7),
(64, 'Vicario', 'Mauro', 'M', 7),
(65, 'Vitoria Baltazar', 'Pedro', 'M', 8),
(66, 'Zaghdoudi', 'Omar', 'M', 7),
(67, 'Cabrera Nieto', 'Daniel', 'M', NULL),
(68, 'Caiza Hidalgo', 'Jean-pierre', 'M', NULL),
(69, 'Libali', 'Andy', 'M', NULL),
(70, 'Maksic', 'Stevo', 'M', NULL),
(71, 'Ait Idda', 'Nohaila', 'F', 1),
(72, 'Antonio', 'Jeremy', 'M', 1),
(73, 'Boughlam', 'Myriam', 'F', 1),
(74, 'Charouite', 'Zakaria', 'M', 1),
(75, 'Coissy', 'Alpha', 'M', 1),
(76, 'Fernandes Da Silva Oliveira', 'David', 'M', 1),
(77, 'Garcia', 'Alexandre', 'M', 1),
(78, 'Pei', 'Tian Ming', 'M', 1),
(79, 'Philippe', 'Dorian', 'M', 1),
(80, 'Rosenke', 'Amandine Tiffany Emilie', 'F', 1),
(81, 'Samuel', 'Bernardo Nacunzi', 'M', 1),
(82, 'Tankov', 'Olivier David', 'M', 1),
(83, 'Waelti', 'Alexandre', 'M', 1),
(84, 'Youssef', 'Halim', 'M', 1),
(85, 'Alvarez Guillamon', 'Alejandro Salvador', 'M', 2),
(86, 'Avelino Lopes', 'Daniel', 'M', 2),
(87, 'Fischer', 'Louis', 'M', 2),
(88, 'Hervo-akendengue', 'Nicolas Axel', 'M', 2),
(89, 'Hugentobler', 'Leo', 'M', 2),
(90, 'Lulaj', 'Gentijana', 'F', 2),
(91, 'Moore', 'Helene', 'F', 2),
(92, 'Patel', 'Harikrishna', 'M', 2),
(93, 'Philippe', 'Den', 'M', 2),
(94, 'Qadaidi', 'Joshua', 'M', 2),
(95, 'Semedo Monteiro', 'Erwin', 'M', 2),
(96, 'Serra Gomes', 'Daniela', 'F', 2),
(97, 'Silva Sagesser', 'Davy', 'M', 2),
(98, 'Thome', 'Dorian', 'M', 2);

-- --------------------------------------------------------

--
-- Structure de la table `groupe`
--

DROP TABLE IF EXISTS `groupe`;
CREATE TABLE IF NOT EXISTS `groupe` (
  `idGroupe` int(11) NOT NULL AUTO_INCREMENT,
  `nomGroupe` varchar(20) NOT NULL,
  PRIMARY KEY (`idGroupe`)
) ENGINE=InnoDB AUTO_INCREMENT=9 DEFAULT CHARSET=utf8;

--
-- Déchargement des données de la table `groupe`
--

INSERT INTO `groupe` (`idGroupe`, `nomGroupe`) VALUES
(1, 'ESIG-CP-A'),
(2, 'ESIG-CP-B'),
(3, 'ESIG-1A/Groupe-2'),
(4, 'ESIG-1A/Groupe-1'),
(5, 'ESIG-1B/Groupe-3'),
(6, 'ESIG-1B/Groupe-2'),
(7, 'ESIG-2A/Groupe-2'),
(8, 'ESIG-2A/Groupe-1');

-- --------------------------------------------------------

--
-- Structure de la table `horaire`
--

DROP TABLE IF EXISTS `horaire`;
CREATE TABLE IF NOT EXISTS `horaire` (
  `idHoraire` int(11) NOT NULL AUTO_INCREMENT,
  `idGroupe` int(11) NOT NULL,
  `idProfesseur` int(11) DEFAULT NULL,
  `idSalle` int(11) DEFAULT NULL,
  `idCours` int(11) NOT NULL,
  `dateDebut` date NOT NULL,
  `dateFin` date NOT NULL,
  `jour` varchar(10) NOT NULL,
  `heure` varchar(3) NOT NULL,
  PRIMARY KEY (`idHoraire`),
  KEY `idGroupe` (`idGroupe`),
  KEY `idProfesseur` (`idProfesseur`),
  KEY `idSalle` (`idSalle`),
  KEY `idCours` (`idCours`)
) ENGINE=InnoDB AUTO_INCREMENT=1315 DEFAULT CHARSET=utf8;

--
-- Déchargement des données de la table `horaire`
--

INSERT INTO `horaire` (`idHoraire`, `idGroupe`, `idProfesseur`, `idSalle`, `idCours`, `dateDebut`, `dateFin`, `jour`, `heure`) VALUES
(1, 4, 1, 1, 1, '2019-08-26', '2019-11-08', 'lundi', 'H1'),
(2, 4, 1, 1, 1, '2019-08-26', '2019-11-08', 'lundi', 'H2'),
(3, 4, 1, 1, 1, '2019-08-26', '2019-11-08', 'lundi', 'H3'),
(4, 4, 1, 1, 1, '2019-08-26', '2019-11-08', 'lundi', 'H4'),
(5, 4, NULL, 2, 2, '2019-08-26', '2019-11-08', 'lundi', 'H5'),
(6, 4, NULL, 2, 2, '2019-08-26', '2019-11-08', 'lundi', 'H6'),
(7, 4, 2, 1, 3, '2019-08-26', '2019-11-08', 'lundi', 'H7'),
(8, 4, 2, 1, 3, '2019-08-26', '2019-11-08', 'lundi', 'H8'),
(9, 4, 3, 3, 4, '2019-08-26', '2019-11-08', 'lundi', 'H9'),
(10, 4, 3, 3, 4, '2019-08-26', '2019-11-08', 'lundi', 'H10'),
(11, 4, 4, 1, 5, '2019-08-26', '2019-11-08', 'mardi', 'H2'),
(12, 4, 4, 1, 5, '2019-08-26', '2019-11-08', 'mardi', 'H3'),
(13, 4, 4, 1, 5, '2019-08-26', '2019-11-08', 'mardi', 'H4'),
(14, 4, NULL, 2, 2, '2019-08-26', '2019-11-08', 'mardi', 'H5'),
(15, 4, NULL, 2, 2, '2019-08-26', '2019-11-08', 'mardi', 'H6'),
(16, 4, 1, 1, 1, '2019-08-26', '2019-11-08', 'mardi', 'H7'),
(17, 4, 1, 1, 1, '2019-08-26', '2019-11-08', 'mardi', 'H8'),
(18, 4, 5, 1, 6, '2019-08-26', '2019-11-08', 'mardi', 'H9'),
(19, 4, 5, 1, 6, '2019-08-26', '2019-11-08', 'mardi', 'H10'),
(20, 4, 1, 1, 1, '2019-08-26', '2019-11-08', 'mercredi', 'H1'),
(21, 4, 1, 1, 1, '2019-08-26', '2019-11-08', 'mercredi', 'H2'),
(22, 4, 1, 1, 1, '2019-08-26', '2019-11-08', 'mercredi', 'H3'),
(23, 4, 1, 1, 1, '2019-08-26', '2019-11-08', 'mercredi', 'H4'),
(24, 4, NULL, 2, 2, '2019-08-26', '2019-11-08', 'mercredi', 'H5'),
(25, 4, NULL, 2, 2, '2019-08-26', '2019-11-08', 'mercredi', 'H6'),
(26, 4, 6, 3, 7, '2019-08-26', '2019-11-08', 'mercredi', 'H7'),
(27, 4, 6, 3, 7, '2019-08-26', '2019-11-08', 'mercredi', 'H8'),
(28, 4, 7, 1, 8, '2019-08-26', '2019-11-08', 'mercredi', 'H9'),
(29, 4, 7, 1, 8, '2019-08-26', '2019-11-08', 'mercredi', 'H10'),
(30, 4, 8, 4, 9, '2019-08-26', '2019-11-08', 'jeudi', 'H1'),
(31, 4, 8, 4, 9, '2019-08-26', '2019-11-08', 'jeudi', 'H2'),
(32, 4, 6, 3, 10, '2019-08-26', '2019-11-08', 'jeudi', 'H3'),
(33, 4, 6, 3, 10, '2019-08-26', '2019-11-08', 'jeudi', 'H4'),
(34, 4, 4, 5, 11, '2019-08-26', '2019-11-08', 'jeudi', 'H5'),
(35, 4, 4, 5, 11, '2019-08-26', '2019-11-08', 'jeudi', 'H6'),
(36, 4, 9, 1, 12, '2019-08-26', '2019-11-08', 'jeudi', 'H7'),
(37, 4, 9, 1, 12, '2019-08-26', '2019-11-08', 'jeudi', 'H8'),
(38, 4, 9, 1, 12, '2019-08-26', '2019-11-08', 'jeudi', 'H9'),
(39, 4, NULL, 2, 2, '2019-08-26', '2019-11-08', 'vendredi', 'H5'),
(40, 4, NULL, 2, 2, '2019-08-26', '2019-11-08', 'vendredi', 'H6'),
(41, 4, 4, 1, 5, '2019-08-26', '2019-11-08', 'vendredi', 'H7'),
(42, 4, 4, 1, 5, '2019-08-26', '2019-11-08', 'vendredi', 'H8'),
(43, 4, NULL, 1, 2, '2019-08-26', '2019-11-08', 'vendredi', 'H9'),
(44, 4, NULL, 1, 2, '2019-08-26', '2019-11-08', 'vendredi', 'H10'),
(45, 3, 10, 2, 1, '2019-08-26', '2019-11-08', 'lundi', 'H1'),
(46, 3, 10, 2, 1, '2019-08-26', '2019-11-08', 'lundi', 'H2'),
(47, 3, 10, 2, 1, '2019-08-26', '2019-11-08', 'lundi', 'H3'),
(48, 3, 10, 2, 1, '2019-08-26', '2019-11-08', 'lundi', 'H4'),
(49, 3, NULL, 2, 2, '2019-08-26', '2019-11-08', 'lundi', 'H5'),
(50, 3, NULL, 2, 2, '2019-08-26', '2019-11-08', 'lundi', 'H6'),
(51, 3, 11, 2, 5, '2019-08-26', '2019-11-08', 'lundi', 'H7'),
(52, 3, 11, 2, 5, '2019-08-26', '2019-11-08', 'lundi', 'H8'),
(53, 3, 11, 2, 5, '2019-08-26', '2019-11-08', 'lundi', 'H9'),
(54, 3, 3, 3, 4, '2019-08-26', '2019-11-08', 'mardi', 'H1'),
(55, 3, 3, 3, 4, '2019-08-26', '2019-11-08', 'mardi', 'H2'),
(56, 3, 10, 2, 1, '2019-08-26', '2019-11-08', 'mardi', 'H3'),
(57, 3, 10, 2, 1, '2019-08-26', '2019-11-08', 'mardi', 'H4'),
(58, 3, NULL, 2, 2, '2019-08-26', '2019-11-08', 'mardi', 'H5'),
(59, 3, NULL, 2, 2, '2019-08-26', '2019-11-08', 'mardi', 'H6'),
(60, 3, 5, 2, 6, '2019-08-26', '2019-11-08', 'mardi', 'H7'),
(61, 3, 5, 2, 6, '2019-08-26', '2019-11-08', 'mardi', 'H8'),
(62, 3, 10, 2, 1, '2019-08-26', '2019-11-08', 'mercredi', 'H1'),
(63, 3, 10, 2, 1, '2019-08-26', '2019-11-08', 'mercredi', 'H2'),
(64, 3, 10, 2, 1, '2019-08-26', '2019-11-08', 'mercredi', 'H3'),
(65, 3, 10, 2, 1, '2019-08-26', '2019-11-08', 'mercredi', 'H4'),
(66, 3, NULL, 2, 2, '2019-08-26', '2019-11-08', 'mercredi', 'H5'),
(67, 3, NULL, 2, 2, '2019-08-26', '2019-11-08', 'mercredi', 'H6'),
(68, 3, 6, 3, 7, '2019-08-26', '2019-11-08', 'mercredi', 'H7'),
(69, 3, 6, 3, 7, '2019-08-26', '2019-11-08', 'mercredi', 'H8'),
(70, 3, NULL, 2, 2, '2019-08-26', '2019-11-08', 'mercredi', 'H9'),
(71, 3, NULL, 2, 2, '2019-08-26', '2019-11-08', 'mercredi', 'H10'),
(72, 3, 8, 4, 9, '2019-08-26', '2019-11-08', 'jeudi', 'H1'),
(73, 3, 8, 4, 9, '2019-08-26', '2019-11-08', 'jeudi', 'H2'),
(74, 3, 6, 3, 10, '2019-08-26', '2019-11-08', 'jeudi', 'H3'),
(75, 3, 6, 3, 10, '2019-08-26', '2019-11-08', 'jeudi', 'H4'),
(76, 3, 4, 5, 11, '2019-08-26', '2019-11-08', 'jeudi', 'H5'),
(77, 3, 4, 5, 11, '2019-08-26', '2019-11-08', 'jeudi', 'H6'),
(78, 3, 4, 2, 3, '2019-08-26', '2019-11-08', 'jeudi', 'H7'),
(79, 3, 4, 2, 3, '2019-08-26', '2019-11-08', 'jeudi', 'H8'),
(80, 3, 11, 2, 5, '2019-08-26', '2019-11-08', 'jeudi', 'H9'),
(81, 3, 11, 2, 5, '2019-08-26', '2019-11-08', 'jeudi', 'H10'),
(82, 3, 7, 2, 8, '2019-08-26', '2019-11-08', 'vendredi', 'H3'),
(83, 3, 7, 2, 8, '2019-08-26', '2019-11-08', 'vendredi', 'H4'),
(84, 3, NULL, 2, 2, '2019-08-26', '2019-11-08', 'vendredi', 'H5'),
(85, 3, NULL, 2, 2, '2019-08-26', '2019-11-08', 'vendredi', 'H6'),
(86, 3, 9, 2, 12, '2019-08-26', '2019-11-08', 'vendredi', 'H7'),
(87, 3, 9, 2, 12, '2019-08-26', '2019-11-08', 'vendredi', 'H8'),
(88, 3, 9, 2, 12, '2019-08-26', '2019-11-08', 'vendredi', 'H9'),
(89, 4, 1, 1, 13, '2019-11-11', '2020-01-24', 'lundi', 'H1'),
(90, 4, 1, 1, 13, '2019-11-11', '2020-01-24', 'lundi', 'H2'),
(91, 4, 1, 1, 13, '2019-11-11', '2020-01-24', 'lundi', 'H3'),
(92, 4, 1, 1, 13, '2019-11-11', '2020-01-24', 'lundi', 'H4'),
(93, 4, 4, 5, 11, '2019-11-11', '2020-01-24', 'lundi', 'H5'),
(94, 4, 4, 5, 11, '2019-11-11', '2020-01-24', 'lundi', 'H6'),
(95, 4, 2, 6, 3, '2019-11-11', '2020-01-24', 'lundi', 'H7'),
(96, 4, 2, 6, 3, '2019-11-11', '2020-01-24', 'lundi', 'H8'),
(97, 4, 3, 3, 4, '2019-11-11', '2020-01-24', 'lundi', 'H9'),
(98, 4, 3, 3, 4, '2019-11-11', '2020-01-24', 'lundi', 'H10'),
(99, 4, 4, 7, 14, '2019-11-11', '2020-01-24', 'mardi', 'H3'),
(100, 4, 4, 7, 14, '2019-11-11', '2020-01-24', 'mardi', 'H4'),
(101, 4, NULL, 2, 2, '2019-11-11', '2020-01-24', 'mardi', 'H5'),
(102, 4, NULL, 2, 2, '2019-11-11', '2020-01-24', 'mardi', 'H6'),
(103, 4, 4, 1, 5, '2019-11-11', '2020-01-24', 'mardi', 'H7'),
(104, 4, 4, 1, 5, '2019-11-11', '2020-01-24', 'mardi', 'H8'),
(105, 4, 4, 1, 5, '2019-11-11', '2020-01-24', 'mardi', 'H9'),
(106, 4, 1, 1, 1, '2019-11-11', '2020-01-24', 'mercredi', 'H1'),
(107, 4, 1, 1, 1, '2019-11-11', '2020-01-24', 'mercredi', 'H2'),
(108, 4, 1, 1, 1, '2019-11-11', '2020-01-24', 'mercredi', 'H3'),
(109, 4, 1, 1, 1, '2019-11-11', '2020-01-24', 'mercredi', 'H4'),
(110, 4, NULL, 2, 2, '2019-11-11', '2020-01-24', 'mercredi', 'H5'),
(111, 4, NULL, 2, 2, '2019-11-11', '2020-01-24', 'mercredi', 'H6'),
(112, 4, 6, 3, 7, '2019-11-11', '2020-01-24', 'mercredi', 'H7'),
(113, 4, 6, 3, 7, '2019-11-11', '2020-01-24', 'mercredi', 'H8'),
(114, 4, NULL, 2, 2, '2019-11-11', '2020-01-24', 'mercredi', 'H9'),
(115, 4, NULL, 2, 2, '2019-11-11', '2020-01-24', 'mercredi', 'H10'),
(116, 4, 8, 4, 9, '2019-11-11', '2020-01-24', 'jeudi', 'H1'),
(117, 4, 8, 4, 9, '2019-11-11', '2020-01-24', 'jeudi', 'H2'),
(118, 4, 6, 3, 10, '2019-11-11', '2020-01-24', 'jeudi', 'H3'),
(119, 4, 6, 3, 10, '2019-11-11', '2020-01-24', 'jeudi', 'H4'),
(120, 4, NULL, 2, 2, '2019-11-11', '2020-01-24', 'jeudi', 'H5'),
(121, 4, NULL, 2, 2, '2019-11-11', '2020-01-24', 'jeudi', 'H6'),
(122, 4, 9, 1, 12, '2019-11-11', '2020-01-24', 'jeudi', 'H7'),
(123, 4, 9, 1, 12, '2019-11-11', '2020-01-24', 'jeudi', 'H8'),
(124, 4, 9, 1, 12, '2019-11-11', '2020-01-24', 'jeudi', 'H9'),
(125, 4, 5, 6, 6, '2019-11-11', '2020-01-24', 'vendredi', 'H1'),
(126, 4, 5, 6, 6, '2019-11-11', '2020-01-24', 'vendredi', 'H2'),
(127, 4, 7, 1, 8, '2019-11-11', '2020-01-24', 'vendredi', 'H3'),
(128, 4, 7, 1, 8, '2019-11-11', '2020-01-24', 'vendredi', 'H4'),
(129, 4, NULL, 2, 2, '2019-11-11', '2020-01-24', 'vendredi', 'H5'),
(130, 4, NULL, 2, 2, '2019-11-11', '2020-01-24', 'vendredi', 'H6'),
(131, 4, 1, 1, 1, '2019-11-11', '2020-01-24', 'vendredi', 'H7'),
(132, 4, 1, 1, 1, '2019-11-11', '2020-01-24', 'vendredi', 'H8'),
(133, 4, 4, 1, 14, '2019-11-11', '2020-01-24', 'vendredi', 'H9'),
(134, 4, 4, 1, 14, '2019-11-11', '2020-01-24', 'vendredi', 'H10'),
(135, 3, 10, 2, 1, '2019-11-11', '2020-01-24', 'lundi', 'H1'),
(136, 3, 10, 2, 1, '2019-11-11', '2020-01-24', 'lundi', 'H2'),
(137, 3, 10, 2, 1, '2019-11-11', '2020-01-24', 'lundi', 'H3'),
(138, 3, 10, 2, 1, '2019-11-11', '2020-01-24', 'lundi', 'H4'),
(139, 3, 4, 5, 11, '2019-11-11', '2020-01-24', 'lundi', 'H5'),
(140, 3, 4, 5, 11, '2019-11-11', '2020-01-24', 'lundi', 'H6'),
(141, 3, 3, 3, 4, '2019-11-11', '2020-01-24', 'lundi', 'H7'),
(142, 3, 3, 3, 4, '2019-11-11', '2020-01-24', 'lundi', 'H8'),
(143, 3, 11, 2, 14, '2019-11-11', '2020-01-24', 'lundi', 'H9'),
(144, 3, 11, 2, 14, '2019-11-11', '2020-01-24', 'lundi', 'H10'),
(145, 3, 4, 2, 3, '2019-11-11', '2020-01-24', 'mardi', 'H1'),
(146, 3, 4, 2, 3, '2019-11-11', '2020-01-24', 'mardi', 'H2'),
(147, 3, 7, 2, 8, '2019-11-11', '2020-01-24', 'mardi', 'H3'),
(148, 3, 7, 2, 8, '2019-11-11', '2020-01-24', 'mardi', 'H4'),
(149, 3, NULL, 2, 2, '2019-11-11', '2020-01-24', 'mardi', 'H5'),
(150, 3, NULL, 2, 2, '2019-11-11', '2020-01-24', 'mardi', 'H6'),
(151, 3, 11, 2, 5, '2019-11-11', '2020-01-24', 'mardi', 'H7'),
(152, 3, 11, 2, 5, '2019-11-11', '2020-01-24', 'mardi', 'H8'),
(153, 3, 11, 2, 5, '2019-11-11', '2020-01-24', 'mardi', 'H9'),
(154, 3, 10, 6, 1, '2019-11-11', '2020-01-24', 'mercredi', 'H1'),
(155, 3, 10, 6, 1, '2019-11-11', '2020-01-24', 'mercredi', 'H2'),
(156, 3, 5, 6, 6, '2019-11-11', '2020-01-24', 'mercredi', 'H3'),
(157, 3, 5, 6, 6, '2019-11-11', '2020-01-24', 'mercredi', 'H4'),
(158, 3, NULL, 2, 2, '2019-11-11', '2020-01-24', 'mercredi', 'H5'),
(159, 3, NULL, 2, 2, '2019-11-11', '2020-01-24', 'mercredi', 'H6'),
(160, 3, 6, 3, 7, '2019-11-11', '2020-01-24', 'mercredi', 'H7'),
(161, 3, 6, 3, 7, '2019-11-11', '2020-01-24', 'mercredi', 'H8'),
(162, 3, NULL, 2, 2, '2019-11-11', '2020-01-24', 'mercredi', 'H9'),
(163, 3, NULL, 2, 2, '2019-11-11', '2020-01-24', 'mercredi', 'H10'),
(164, 3, 8, 4, 9, '2019-11-11', '2020-01-24', 'jeudi', 'H1'),
(165, 3, 8, 4, 9, '2019-11-11', '2020-01-24', 'jeudi', 'H2'),
(166, 3, 6, 3, 10, '2019-11-11', '2020-01-24', 'jeudi', 'H3'),
(167, 3, 6, 3, 10, '2019-11-11', '2020-01-24', 'jeudi', 'H4'),
(168, 3, NULL, 2, 2, '2019-11-11', '2020-01-24', 'jeudi', 'H5'),
(169, 3, NULL, 2, 2, '2019-11-11', '2020-01-24', 'jeudi', 'H6'),
(170, 3, 1, 2, 13, '2019-11-11', '2020-01-24', 'jeudi', 'H7'),
(171, 3, 1, 2, 13, '2019-11-11', '2020-01-24', 'jeudi', 'H8'),
(172, 3, 1, 2, 13, '2019-11-11', '2020-01-24', 'jeudi', 'H9'),
(173, 3, 1, 2, 13, '2019-11-11', '2020-01-24', 'jeudi', 'H10'),
(174, 3, 11, 2, 14, '2019-11-11', '2020-01-24', 'vendredi', 'H3'),
(175, 3, 11, 2, 14, '2019-11-11', '2020-01-24', 'vendredi', 'H4'),
(176, 3, NULL, 2, 2, '2019-11-11', '2020-01-24', 'vendredi', 'H5'),
(177, 3, NULL, 2, 2, '2019-11-11', '2020-01-24', 'vendredi', 'H6'),
(178, 3, 9, 2, 12, '2019-11-11', '2020-01-24', 'vendredi', 'H7'),
(179, 3, 9, 1, 12, '2019-11-11', '2020-01-24', 'vendredi', 'H8'),
(180, 3, 9, 1, 12, '2019-11-11', '2020-01-24', 'vendredi', 'H9'),
(181, 4, 1, 1, 13, '2020-01-27', '2020-04-08', 'lundi', 'H1'),
(182, 4, 1, 1, 13, '2020-01-27', '2020-04-08', 'lundi', 'H2'),
(183, 4, 1, 1, 13, '2020-01-27', '2020-04-08', 'lundi', 'H3'),
(184, 4, 1, 1, 13, '2020-01-27', '2020-04-08', 'lundi', 'H4'),
(185, 4, NULL, 2, 2, '2020-01-27', '2020-04-08', 'lundi', 'H5'),
(186, 4, NULL, 2, 2, '2020-01-27', '2020-04-08', 'lundi', 'H6'),
(187, 4, 2, 6, 15, '2020-01-27', '2020-04-08', 'lundi', 'H7'),
(188, 4, 2, 6, 15, '2020-01-27', '2020-04-08', 'lundi', 'H8'),
(189, 4, NULL, 6, 2, '2020-01-27', '2020-04-08', 'lundi', 'H9'),
(190, 4, NULL, 6, 2, '2020-01-27', '2020-04-08', 'lundi', 'H10'),
(191, 4, 1, 1, 16, '2020-01-27', '2020-04-08', 'mardi', 'H1'),
(192, 4, 1, 1, 16, '2020-01-27', '2020-04-08', 'mardi', 'H2'),
(193, 4, 1, 1, 16, '2020-01-27', '2020-04-08', 'mardi', 'H3'),
(194, 4, 1, 1, 16, '2020-01-27', '2020-04-08', 'mardi', 'H4'),
(195, 4, 4, 5, 11, '2020-01-27', '2020-04-08', 'mardi', 'H5'),
(196, 4, 4, 5, 11, '2020-01-27', '2020-04-08', 'mardi', 'H6'),
(197, 4, 1, 1, 16, '2020-01-27', '2020-04-08', 'mercredi', 'H1'),
(198, 4, 1, 1, 16, '2020-01-27', '2020-04-08', 'mercredi', 'H2'),
(199, 4, 1, 1, 16, '2020-01-27', '2020-04-08', 'mercredi', 'H3'),
(200, 4, 1, 1, 16, '2020-01-27', '2020-04-08', 'mercredi', 'H4'),
(201, 4, NULL, 2, 2, '2020-01-27', '2020-04-08', 'mercredi', 'H5'),
(202, 4, NULL, 2, 2, '2020-01-27', '2020-04-08', 'mercredi', 'H6'),
(203, 4, 6, 3, 7, '2020-01-27', '2020-04-08', 'mercredi', 'H7'),
(204, 4, 6, 3, 3, '2020-01-27', '2020-04-08', 'mercredi', 'H8'),
(205, 4, 12, 4, 17, '2020-01-27', '2020-04-08', 'mercredi', 'H9'),
(206, 4, 12, 4, 17, '2020-01-27', '2020-04-08', 'mercredi', 'H10'),
(207, 4, 4, 7, 5, '2020-01-27', '2020-04-08', 'jeudi', 'H1'),
(208, 4, 4, 7, 8, '2020-01-27', '2020-04-08', 'jeudi', 'H2'),
(209, 4, 4, 7, 14, '2020-01-27', '2020-04-08', 'jeudi', 'H3'),
(210, 4, 4, 7, 14, '2020-01-27', '2020-04-08', 'jeudi', 'H4'),
(211, 4, NULL, 2, 2, '2020-01-27', '2020-04-08', 'jeudi', 'H5'),
(212, 4, NULL, 2, 2, '2020-01-27', '2020-04-08', 'jeudi', 'H6'),
(213, 4, 7, 1, 8, '2020-01-27', '2020-04-08', 'jeudi', 'H7'),
(214, 4, 7, 1, 8, '2020-01-27', '2020-04-08', 'jeudi', 'H8'),
(215, 4, 5, 6, 6, '2020-01-27', '2020-04-08', 'jeudi', 'H9'),
(216, 4, 5, 6, 6, '2020-01-27', '2020-04-08', 'jeudi', 'H10'),
(217, 4, 9, 1, 12, '2020-01-27', '2020-04-08', 'vendredi', 'H2'),
(218, 4, 9, 1, 12, '2020-01-27', '2020-04-08', 'vendredi', 'H3'),
(219, 4, 9, 1, 12, '2020-01-27', '2020-04-08', 'vendredi', 'H4'),
(220, 4, NULL, 2, 2, '2020-01-27', '2020-04-08', 'vendredi', 'H5'),
(221, 4, NULL, 2, 2, '2020-01-27', '2020-04-08', 'vendredi', 'H6'),
(222, 4, 4, 1, 5, '2020-01-27', '2020-04-08', 'vendredi', 'H7'),
(223, 4, 4, 1, 8, '2020-01-27', '2020-04-08', 'vendredi', 'H8'),
(224, 4, 4, 1, 14, '2020-01-27', '2020-04-08', 'vendredi', 'H9'),
(225, 4, 4, 1, 14, '2020-01-27', '2020-04-08', 'vendredi', 'H10'),
(226, 3, 11, 2, 5, '2020-01-27', '2020-04-08', 'lundi', 'H3'),
(227, 3, 11, 2, 5, '2020-01-27', '2020-04-08', 'lundi', 'H4'),
(228, 3, NULL, 2, 2, '2020-01-27', '2020-04-08', 'lundi', 'H5'),
(229, 3, NULL, 2, 2, '2020-01-27', '2020-04-08', 'lundi', 'H6'),
(230, 3, 9, 2, 12, '2020-01-27', '2020-04-08', 'lundi', 'H7'),
(231, 3, 9, 2, 12, '2020-01-27', '2020-04-08', 'lundi', 'H8'),
(232, 3, 9, 2, 12, '2020-01-27', '2020-04-08', 'lundi', 'H9'),
(233, 3, 10, 2, 16, '2020-01-27', '2020-04-08', 'mardi', 'H1'),
(234, 3, 10, 2, 16, '2020-01-27', '2020-04-08', 'mardi', 'H2'),
(235, 3, 10, 2, 16, '2020-01-27', '2020-04-08', 'mardi', 'H3'),
(236, 3, 10, 2, 16, '2020-01-27', '2020-04-08', 'mardi', 'H4'),
(237, 3, 4, 5, 11, '2020-01-27', '2020-04-08', 'mardi', 'H5'),
(238, 3, 4, 5, 11, '2020-01-27', '2020-04-08', 'mardi', 'H6'),
(239, 3, 12, 3, 17, '2020-01-27', '2020-04-08', 'mardi', 'H7'),
(240, 3, 12, 3, 17, '2020-01-27', '2020-04-08', 'mardi', 'H8'),
(241, 3, 13, 2, 15, '2020-01-27', '2020-04-08', 'mardi', 'H9'),
(242, 3, 13, 2, 15, '2020-01-27', '2020-04-08', 'mardi', 'H10'),
(243, 3, 11, 2, 5, '2020-01-27', '2020-04-08', 'mercredi', 'H1'),
(244, 3, 11, 2, 5, '2020-01-27', '2020-04-08', 'mercredi', 'H2'),
(245, 3, 11, 2, 14, '2020-01-27', '2020-04-08', 'mercredi', 'H3'),
(246, 3, 11, 2, 14, '2020-01-27', '2020-04-08', 'mercredi', 'H4'),
(247, 3, NULL, 2, 2, '2020-01-27', '2020-04-08', 'mercredi', 'H5'),
(248, 3, NULL, 2, 2, '2020-01-27', '2020-04-08', 'mercredi', 'H6'),
(249, 3, 6, 3, 7, '2020-01-27', '2020-04-08', 'mercredi', 'H7'),
(250, 3, 6, 3, 3, '2020-01-27', '2020-04-08', 'mercredi', 'H8'),
(251, 3, NULL, 2, 2, '2020-01-27', '2020-04-08', 'mercredi', 'H9'),
(252, 3, NULL, 2, 2, '2020-01-27', '2020-04-08', 'mercredi', 'H10'),
(253, 3, 10, 2, 16, '2020-01-27', '2020-04-08', 'jeudi', 'H1'),
(254, 3, 10, 2, 16, '2020-01-27', '2020-04-08', 'jeudi', 'H2'),
(255, 3, 10, 2, 16, '2020-01-27', '2020-04-08', 'jeudi', 'H3'),
(256, 3, 10, 2, 16, '2020-01-27', '2020-04-08', 'jeudi', 'H4'),
(257, 3, NULL, 2, 2, '2020-01-27', '2020-04-08', 'jeudi', 'H5'),
(258, 3, NULL, 2, 2, '2020-01-27', '2020-04-08', 'jeudi', 'H6'),
(259, 3, 5, 6, 6, '2020-01-27', '2020-04-08', 'jeudi', 'H7'),
(260, 3, 5, 6, 6, '2020-01-27', '2020-04-08', 'jeudi', 'H8'),
(261, 3, 11, 2, 14, '2020-01-27', '2020-04-08', 'jeudi', 'H9'),
(262, 3, 11, 2, 14, '2020-01-27', '2020-04-08', 'jeudi', 'H10'),
(263, 3, 7, 2, 8, '2020-01-27', '2020-04-08', 'vendredi', 'H3'),
(264, 3, 7, 2, 8, '2020-01-27', '2020-04-08', 'vendredi', 'H4'),
(265, 3, NULL, 2, 2, '2020-01-27', '2020-04-08', 'vendredi', 'H5'),
(266, 3, NULL, 2, 2, '2020-01-27', '2020-04-08', 'vendredi', 'H6'),
(267, 3, 1, 2, 13, '2020-01-27', '2020-04-08', 'vendredi', 'H7'),
(268, 3, 1, 2, 13, '2020-01-27', '2020-04-08', 'vendredi', 'H8'),
(269, 3, 1, 2, 13, '2020-01-27', '2020-04-08', 'vendredi', 'H9'),
(270, 3, 1, 2, 13, '2020-01-27', '2020-04-08', 'vendredi', 'H10'),
(271, 4, 1, 1, 13, '2020-04-20', '2020-06-26', 'lundi', 'H1'),
(272, 4, 1, 1, 13, '2020-04-20', '2020-06-26', 'lundi', 'H2'),
(273, 4, 1, 1, 13, '2020-04-20', '2020-06-26', 'lundi', 'H3'),
(274, 4, 1, 1, 13, '2020-04-20', '2020-06-26', 'lundi', 'H4'),
(275, 4, NULL, 2, 2, '2020-04-20', '2020-06-26', 'lundi', 'H5'),
(276, 4, NULL, 2, 2, '2020-04-20', '2020-06-26', 'lundi', 'H6'),
(277, 4, 2, 1, 15, '2020-04-20', '2020-06-26', 'lundi', 'H7'),
(278, 4, 2, 1, 15, '2020-04-20', '2020-06-26', 'lundi', 'H8'),
(279, 4, NULL, 1, 2, '2020-04-20', '2020-06-26', 'lundi', 'H9'),
(280, 4, NULL, 1, 2, '2020-04-20', '2020-06-26', 'lundi', 'H10'),
(281, 4, 1, 1, 16, '2020-04-20', '2020-06-26', 'mardi', 'H1'),
(282, 4, 1, 1, 16, '2020-04-20', '2020-06-26', 'mardi', 'H2'),
(283, 4, 1, 1, 16, '2020-04-20', '2020-06-26', 'mardi', 'H3'),
(284, 4, 1, 1, 16, '2020-04-20', '2020-06-26', 'mardi', 'H4'),
(285, 4, NULL, 2, 2, '2020-04-20', '2020-06-26', 'mardi', 'H5'),
(286, 4, NULL, 2, 2, '2020-04-20', '2020-06-26', 'mardi', 'H6'),
(287, 4, 1, 1, 18, '2020-04-20', '2020-06-26', 'mardi', 'H7'),
(288, 4, 1, 1, 18, '2020-04-20', '2020-06-26', 'mardi', 'H8'),
(289, 4, 5, 6, 6, '2020-04-20', '2020-06-26', 'mercredi', 'H1'),
(290, 4, 5, 6, 6, '2020-04-20', '2020-06-26', 'mercredi', 'H2'),
(291, 4, 7, 1, 8, '2020-04-20', '2020-06-26', 'mercredi', 'H3'),
(292, 4, 7, 1, 8, '2020-04-20', '2020-06-26', 'mercredi', 'H4'),
(293, 4, NULL, 2, 2, '2020-04-20', '2020-06-26', 'mercredi', 'H5'),
(294, 4, NULL, 2, 2, '2020-04-20', '2020-06-26', 'mercredi', 'H6'),
(295, 4, 6, 3, 7, '2020-04-20', '2020-06-26', 'mercredi', 'H7'),
(296, 4, 6, 3, 3, '2020-04-20', '2020-06-26', 'mercredi', 'H8'),
(297, 4, 12, 4, 17, '2020-04-20', '2020-06-26', 'mercredi', 'H9'),
(298, 4, 12, 4, 17, '2020-04-20', '2020-06-26', 'mercredi', 'H10'),
(299, 4, 4, 1, 5, '2020-04-20', '2020-06-26', 'jeudi', 'H1'),
(300, 4, 4, 1, 8, '2020-04-20', '2020-06-26', 'jeudi', 'H2'),
(301, 4, 4, 1, 14, '2020-04-20', '2020-06-26', 'jeudi', 'H3'),
(302, 4, 4, 1, 14, '2020-04-20', '2020-06-26', 'jeudi', 'H4'),
(303, 4, NULL, 2, 2, '2020-04-20', '2020-06-26', 'jeudi', 'H5'),
(304, 4, NULL, 2, 2, '2020-04-20', '2020-06-26', 'jeudi', 'H6'),
(305, 4, 1, 1, 16, '2020-04-20', '2020-06-26', 'jeudi', 'H7'),
(306, 4, 1, 1, 16, '2020-04-20', '2020-06-26', 'jeudi', 'H8'),
(307, 4, 1, 1, 16, '2020-04-20', '2020-06-26', 'jeudi', 'H9'),
(308, 4, 1, 1, 16, '2020-04-20', '2020-06-26', 'jeudi', 'H10'),
(309, 4, 9, 1, 12, '2020-04-20', '2020-06-26', 'vendredi', 'H2'),
(310, 4, 9, 1, 12, '2020-04-20', '2020-06-26', 'vendredi', 'H3'),
(311, 4, 9, 1, 12, '2020-04-20', '2020-06-26', 'vendredi', 'H4'),
(312, 4, 4, 5, 11, '2020-04-20', '2020-06-26', 'vendredi', 'H5'),
(313, 4, 4, 5, 11, '2020-04-20', '2020-06-26', 'vendredi', 'H6'),
(314, 4, 4, 1, 14, '2020-04-20', '2020-06-26', 'vendredi', 'H7'),
(315, 4, 4, 1, 14, '2020-04-20', '2020-06-26', 'vendredi', 'H8'),
(316, 3, 10, 2, 16, '2020-04-20', '2020-06-26', 'lundi', 'H1'),
(317, 3, 10, 2, 16, '2020-04-20', '2020-06-26', 'lundi', 'H2'),
(318, 3, 10, 2, 16, '2020-04-20', '2020-06-26', 'lundi', 'H3'),
(319, 3, 10, 2, 16, '2020-04-20', '2020-06-26', 'lundi', 'H4'),
(320, 3, NULL, 2, 2, '2020-04-20', '2020-06-26', 'lundi', 'H5'),
(321, 3, NULL, 2, 2, '2020-04-20', '2020-06-26', 'lundi', 'H6'),
(322, 3, 11, 2, 14, '2020-04-20', '2020-06-26', 'lundi', 'H7'),
(323, 3, 11, 2, 14, '2020-04-20', '2020-06-26', 'lundi', 'H8'),
(324, 3, 11, 2, 5, '2020-04-20', '2020-06-26', 'mardi', 'H1'),
(325, 3, 11, 2, 5, '2020-04-20', '2020-06-26', 'mardi', 'H2'),
(326, 3, 11, 2, 14, '2020-04-20', '2020-06-26', 'mardi', 'H3'),
(327, 3, 11, 2, 14, '2020-04-20', '2020-06-26', 'mardi', 'H4'),
(328, 3, NULL, 2, 2, '2020-04-20', '2020-06-26', 'mardi', 'H5'),
(329, 3, NULL, 2, 2, '2020-04-20', '2020-06-26', 'mardi', 'H6'),
(330, 3, 13, 2, 15, '2020-04-20', '2020-06-26', 'mardi', 'H7'),
(331, 3, 13, 2, 15, '2020-04-20', '2020-06-26', 'mardi', 'H8'),
(332, 3, 1, 2, 18, '2020-04-20', '2020-06-26', 'mardi', 'H9'),
(333, 3, 1, 2, 18, '2020-04-20', '2020-06-26', 'mardi', 'H10'),
(334, 3, 1, 2, 13, '2020-04-20', '2020-06-26', 'mercredi', 'H1'),
(335, 3, 1, 2, 13, '2020-04-20', '2020-06-26', 'mercredi', 'H2'),
(336, 3, 1, 2, 13, '2020-04-20', '2020-06-26', 'mercredi', 'H3'),
(337, 3, 1, 2, 13, '2020-04-20', '2020-06-26', 'mercredi', 'H4'),
(338, 3, NULL, 2, 2, '2020-04-20', '2020-06-26', 'mercredi', 'H5'),
(339, 3, NULL, 2, 2, '2020-04-20', '2020-06-26', 'mercredi', 'H6'),
(340, 3, 6, 3, 7, '2020-04-20', '2020-06-26', 'mercredi', 'H7'),
(341, 3, 6, 3, 7, '2020-04-20', '2020-06-26', 'mercredi', 'H8'),
(342, 3, NULL, 2, 2, '2020-04-20', '2020-06-26', 'mercredi', 'H9'),
(343, 3, NULL, 2, 2, '2020-04-20', '2020-06-26', 'mercredi', 'H10'),
(344, 3, 10, 2, 16, '2020-04-20', '2020-06-26', 'jeudi', 'H1'),
(345, 3, 10, 2, 16, '2020-04-20', '2020-06-26', 'jeudi', 'H2'),
(346, 3, 10, 2, 16, '2020-04-20', '2020-06-26', 'jeudi', 'H3'),
(347, 3, 10, 2, 16, '2020-04-20', '2020-06-26', 'jeudi', 'H4'),
(348, 3, NULL, 2, 2, '2020-04-20', '2020-06-26', 'jeudi', 'H5'),
(349, 3, NULL, 2, 2, '2020-04-20', '2020-06-26', 'jeudi', 'H6'),
(350, 3, 7, 2, 8, '2020-04-20', '2020-06-26', 'jeudi', 'H7'),
(351, 3, 7, 2, 8, '2020-04-20', '2020-06-26', 'jeudi', 'H8'),
(352, 3, 5, 6, 6, '2020-04-20', '2020-06-26', 'jeudi', 'H9'),
(353, 3, 5, 6, 6, '2020-04-20', '2020-06-26', 'jeudi', 'H10'),
(354, 3, 12, 3, 17, '2020-04-20', '2020-06-26', 'vendredi', 'H3'),
(355, 3, 12, 3, 17, '2020-04-20', '2020-06-26', 'vendredi', 'H4'),
(356, 3, 4, 5, 11, '2020-04-20', '2020-06-26', 'vendredi', 'H5'),
(357, 3, 4, 5, 11, '2020-04-20', '2020-06-26', 'vendredi', 'H6'),
(358, 3, 9, 2, 12, '2020-04-20', '2020-06-26', 'vendredi', 'H7'),
(359, 3, 9, 2, 12, '2020-04-20', '2020-06-26', 'vendredi', 'H8'),
(360, 3, 9, 2, 12, '2020-04-20', '2020-06-26', 'vendredi', 'H9'),
(361, 6, 10, 2, 1, '2019-08-26', '2019-11-08', 'lundi', 'H1'),
(362, 6, 10, 2, 1, '2019-08-26', '2019-11-08', 'lundi', 'H2'),
(363, 6, 10, 2, 1, '2019-08-26', '2019-11-08', 'lundi', 'H3'),
(364, 6, 10, 2, 1, '2019-08-26', '2019-11-08', 'lundi', 'H4'),
(365, 6, NULL, 2, 2, '2019-08-26', '2019-11-08', 'lundi', 'H5'),
(366, 6, NULL, 2, 2, '2019-08-26', '2019-11-08', 'lundi', 'H6'),
(367, 6, 11, 2, 5, '2019-08-26', '2019-11-08', 'lundi', 'H7'),
(368, 6, 11, 2, 5, '2019-08-26', '2019-11-08', 'lundi', 'H8'),
(369, 6, 11, 2, 5, '2019-08-26', '2019-11-08', 'lundi', 'H9'),
(370, 6, 3, 3, 4, '2019-08-26', '2019-11-08', 'mardi', 'H1'),
(371, 6, 3, 3, 4, '2019-08-26', '2019-11-08', 'mardi', 'H2'),
(372, 6, 10, 2, 1, '2019-08-26', '2019-11-08', 'mardi', 'H3'),
(373, 6, 10, 2, 1, '2019-08-26', '2019-11-08', 'mardi', 'H4'),
(374, 6, NULL, 2, 2, '2019-08-26', '2019-11-08', 'mardi', 'H5'),
(375, 6, NULL, 2, 2, '2019-08-26', '2019-11-08', 'mardi', 'H6'),
(376, 6, 5, 2, 6, '2019-08-26', '2019-11-08', 'mardi', 'H7'),
(377, 6, 5, 2, 6, '2019-08-26', '2019-11-08', 'mardi', 'H8'),
(378, 6, 10, 2, 1, '2019-08-26', '2019-11-08', 'mercredi', 'H1'),
(379, 6, 10, 2, 1, '2019-08-26', '2019-11-08', 'mercredi', 'H2'),
(380, 6, 10, 2, 1, '2019-08-26', '2019-11-08', 'mercredi', 'H3'),
(381, 6, 10, 2, 1, '2019-08-26', '2019-11-08', 'mercredi', 'H4'),
(382, 6, NULL, 2, 2, '2019-08-26', '2019-11-08', 'mercredi', 'H5'),
(383, 6, NULL, 2, 2, '2019-08-26', '2019-11-08', 'mercredi', 'H6'),
(384, 6, NULL, 2, 2, '2019-08-26', '2019-11-08', 'mercredi', 'H7'),
(385, 6, NULL, 2, 2, '2019-08-26', '2019-11-08', 'mercredi', 'H8'),
(386, 6, 6, 3, 10, '2019-08-26', '2019-11-08', 'jeudi', 'H1'),
(387, 6, 6, 3, 10, '2019-08-26', '2019-11-08', 'jeudi', 'H2'),
(388, 6, 8, 4, 9, '2019-08-26', '2019-11-08', 'jeudi', 'H3'),
(389, 6, 8, 4, 9, '2019-08-26', '2019-11-08', 'jeudi', 'H4'),
(390, 6, 4, 5, 11, '2019-08-26', '2019-11-08', 'jeudi', 'H5'),
(391, 6, 4, 5, 11, '2019-08-26', '2019-11-08', 'jeudi', 'H6'),
(392, 6, 4, 2, 3, '2019-08-26', '2019-11-08', 'jeudi', 'H7'),
(393, 6, 4, 2, 3, '2019-08-26', '2019-11-08', 'jeudi', 'H8'),
(394, 6, 11, 2, 5, '2019-08-26', '2019-11-08', 'jeudi', 'H9'),
(395, 6, 11, 2, 5, '2019-08-26', '2019-11-08', 'jeudi', 'H10'),
(396, 6, 6, 3, 7, '2019-08-26', '2019-11-08', 'vendredi', 'H1'),
(397, 6, 6, 3, 7, '2019-08-26', '2019-11-08', 'vendredi', 'H2'),
(398, 6, 7, 2, 8, '2019-08-26', '2019-11-08', 'vendredi', 'H3'),
(399, 6, 7, 2, 8, '2019-08-26', '2019-11-08', 'vendredi', 'H4'),
(400, 6, NULL, 2, 2, '2019-08-26', '2019-11-08', 'vendredi', 'H5'),
(401, 6, NULL, 2, 2, '2019-08-26', '2019-11-08', 'vendredi', 'H6'),
(402, 6, 9, 2, 12, '2019-08-26', '2019-11-08', 'vendredi', 'H7'),
(403, 6, 9, 2, 12, '2019-08-26', '2019-11-08', 'vendredi', 'H8'),
(404, 6, 9, 2, 12, '2019-08-26', '2019-11-08', 'vendredi', 'H9'),
(405, 5, 14, 8, 1, '2019-08-26', '2019-11-08', 'lundi', 'H1'),
(406, 5, 14, 8, 1, '2019-08-26', '2019-11-08', 'lundi', 'H2'),
(407, 5, 14, 8, 1, '2019-08-26', '2019-11-08', 'lundi', 'H3'),
(408, 5, 14, 8, 1, '2019-08-26', '2019-11-08', 'lundi', 'H4'),
(409, 5, NULL, 2, 2, '2019-08-26', '2019-11-08', 'lundi', 'H5'),
(410, 5, NULL, 2, 2, '2019-08-26', '2019-11-08', 'lundi', 'H6'),
(411, 5, 3, 3, 4, '2019-08-26', '2019-11-08', 'lundi', 'H7'),
(412, 5, 3, 3, 4, '2019-08-26', '2019-11-08', 'lundi', 'H8'),
(413, 5, 2, 2, 3, '2019-08-26', '2019-11-08', 'lundi', 'H9'),
(414, 5, 2, 2, 3, '2019-08-26', '2019-11-08', 'lundi', 'H10'),
(415, 5, 11, 8, 5, '2019-08-26', '2019-11-08', 'mardi', 'H2'),
(416, 5, 11, 8, 5, '2019-08-26', '2019-11-08', 'mardi', 'H3'),
(417, 5, 11, 8, 5, '2019-08-26', '2019-11-08', 'mardi', 'H4'),
(418, 5, NULL, 2, 2, '2019-08-26', '2019-11-08', 'mardi', 'H5'),
(419, 5, NULL, 2, 2, '2019-08-26', '2019-11-08', 'mardi', 'H6'),
(420, 5, 15, 8, 12, '2019-08-26', '2019-11-08', 'mardi', 'H7'),
(421, 5, 15, 8, 12, '2019-08-26', '2019-11-08', 'mardi', 'H8'),
(422, 5, 15, 8, 12, '2019-08-26', '2019-11-08', 'mardi', 'H9'),
(423, 5, 14, 8, 1, '2019-08-26', '2019-11-08', 'mercredi', 'H1'),
(424, 5, 14, 8, 1, '2019-08-26', '2019-11-08', 'mercredi', 'H2'),
(425, 5, 14, 8, 1, '2019-08-26', '2019-11-08', 'mercredi', 'H3'),
(426, 5, 14, 8, 1, '2019-08-26', '2019-11-08', 'mercredi', 'H4'),
(427, 5, NULL, 2, 2, '2019-08-26', '2019-11-08', 'mercredi', 'H5'),
(428, 5, NULL, 2, 2, '2019-08-26', '2019-11-08', 'mercredi', 'H6'),
(429, 5, 7, 8, 8, '2019-08-26', '2019-11-08', 'mercredi', 'H7'),
(430, 5, 7, 8, 8, '2019-08-26', '2019-11-08', 'mercredi', 'H8'),
(431, 5, 6, 3, 10, '2019-08-26', '2019-11-08', 'jeudi', 'H1'),
(432, 5, 6, 3, 10, '2019-08-26', '2019-11-08', 'jeudi', 'H2'),
(433, 5, 8, 4, 9, '2019-08-26', '2019-11-08', 'jeudi', 'H3'),
(434, 5, 8, 4, 9, '2019-08-26', '2019-11-08', 'jeudi', 'H4'),
(435, 5, 4, 5, 11, '2019-08-26', '2019-11-08', 'jeudi', 'H5'),
(436, 5, 4, 5, 11, '2019-08-26', '2019-11-08', 'jeudi', 'H6'),
(437, 5, 11, 8, 5, '2019-08-26', '2019-11-08', 'jeudi', 'H7'),
(438, 5, 11, 8, 5, '2019-08-26', '2019-11-08', 'jeudi', 'H8'),
(439, 5, 6, 3, 7, '2019-08-26', '2019-11-08', 'vendredi', 'H1'),
(440, 5, 6, 3, 7, '2019-08-26', '2019-11-08', 'vendredi', 'H2'),
(441, 5, 5, 8, 6, '2019-08-26', '2019-11-08', 'vendredi', 'H3'),
(442, 5, 5, 8, 6, '2019-08-26', '2019-11-08', 'vendredi', 'H4'),
(443, 5, NULL, 2, 2, '2019-08-26', '2019-11-08', 'vendredi', 'H5'),
(444, 5, NULL, 2, 2, '2019-08-26', '2019-11-08', 'vendredi', 'H6'),
(445, 5, 14, 8, 1, '2019-08-26', '2019-11-08', 'vendredi', 'H7'),
(446, 5, 14, 8, 1, '2019-08-26', '2019-11-08', 'vendredi', 'H8'),
(447, 5, NULL, 8, 2, '2019-08-26', '2019-11-08', 'vendredi', 'H9'),
(448, 5, NULL, 8, 2, '2019-08-26', '2019-11-08', 'vendredi', 'H10'),
(449, 6, 10, 2, 1, '2019-11-11', '2020-01-24', 'lundi', 'H1'),
(450, 6, 10, 2, 1, '2019-11-11', '2020-01-24', 'lundi', 'H2'),
(451, 6, 10, 2, 1, '2019-11-11', '2020-01-24', 'lundi', 'H3'),
(452, 6, 10, 2, 1, '2019-11-11', '2020-01-24', 'lundi', 'H4'),
(453, 6, 4, 5, 11, '2019-11-11', '2020-01-24', 'lundi', 'H5'),
(454, 6, 4, 5, 11, '2019-11-11', '2020-01-24', 'lundi', 'H6'),
(455, 6, 3, 3, 4, '2019-11-11', '2020-01-24', 'lundi', 'H7'),
(456, 6, 3, 3, 4, '2019-11-11', '2020-01-24', 'lundi', 'H8'),
(457, 6, 11, 2, 14, '2019-11-11', '2020-01-24', 'lundi', 'H9'),
(458, 6, 11, 2, 14, '2019-11-11', '2020-01-24', 'lundi', 'H10'),
(459, 6, 4, 2, 3, '2019-11-11', '2020-01-24', 'mardi', 'H1'),
(460, 6, 4, 2, 3, '2019-11-11', '2020-01-24', 'mardi', 'H2'),
(461, 6, 7, 2, 8, '2019-11-11', '2020-01-24', 'mardi', 'H3'),
(462, 6, 7, 2, 8, '2019-11-11', '2020-01-24', 'mardi', 'H4'),
(463, 6, NULL, 2, 2, '2019-11-11', '2020-01-24', 'mardi', 'H5'),
(464, 6, NULL, 2, 2, '2019-11-11', '2020-01-24', 'mardi', 'H6'),
(465, 6, 11, 2, 5, '2019-11-11', '2020-01-24', 'mardi', 'H7'),
(466, 6, 11, 2, 5, '2019-11-11', '2020-01-24', 'mardi', 'H8'),
(467, 6, 11, 2, 5, '2019-11-11', '2020-01-24', 'mardi', 'H9'),
(468, 6, 10, 6, 1, '2019-11-11', '2020-01-24', 'mercredi', 'H1'),
(469, 6, 10, 6, 1, '2019-11-11', '2020-01-24', 'mercredi', 'H2'),
(470, 6, 5, 6, 6, '2019-11-11', '2020-01-24', 'mercredi', 'H3'),
(471, 6, 5, 6, 6, '2019-11-11', '2020-01-24', 'mercredi', 'H4'),
(472, 6, NULL, 2, 2, '2019-11-11', '2020-01-24', 'mercredi', 'H5'),
(473, 6, NULL, 2, 2, '2019-11-11', '2020-01-24', 'mercredi', 'H6'),
(474, 6, NULL, 2, 2, '2019-11-11', '2020-01-24', 'mercredi', 'H7'),
(475, 6, NULL, 2, 2, '2019-11-11', '2020-01-24', 'mercredi', 'H8'),
(476, 6, 6, 3, 10, '2019-11-11', '2020-01-24', 'jeudi', 'H1'),
(477, 6, 6, 3, 10, '2019-11-11', '2020-01-24', 'jeudi', 'H2'),
(478, 6, 8, 4, 9, '2019-11-11', '2020-01-24', 'jeudi', 'H3'),
(479, 6, 8, 4, 9, '2019-11-11', '2020-01-24', 'jeudi', 'H4'),
(480, 6, NULL, 2, 2, '2019-11-11', '2020-01-24', 'jeudi', 'H5'),
(481, 6, NULL, 2, 2, '2019-11-11', '2020-01-24', 'jeudi', 'H6'),
(482, 6, 1, 2, 13, '2019-11-11', '2020-01-24', 'jeudi', 'H7'),
(483, 6, 1, 2, 13, '2019-11-11', '2020-01-24', 'jeudi', 'H8'),
(484, 6, 1, 2, 13, '2019-11-11', '2020-01-24', 'jeudi', 'H9'),
(485, 6, 1, 2, 13, '2019-11-11', '2020-01-24', 'jeudi', 'H10'),
(486, 6, 6, 3, 7, '2019-11-11', '2020-01-24', 'vendredi', 'H1'),
(487, 6, 6, 3, 7, '2019-11-11', '2020-01-24', 'vendredi', 'H2'),
(488, 6, 11, 2, 14, '2019-11-11', '2020-01-24', 'vendredi', 'H3'),
(489, 6, 11, 2, 14, '2019-11-11', '2020-01-24', 'vendredi', 'H4'),
(490, 6, NULL, 2, 2, '2019-11-11', '2020-01-24', 'vendredi', 'H5'),
(491, 6, NULL, 2, 2, '2019-11-11', '2020-01-24', 'vendredi', 'H6'),
(492, 6, 9, 2, 12, '2019-11-11', '2020-01-24', 'vendredi', 'H7'),
(493, 6, 9, 1, 12, '2019-11-11', '2020-01-24', 'vendredi', 'H8'),
(494, 6, 9, 1, 12, '2019-11-11', '2020-01-24', 'vendredi', 'H9'),
(495, 5, 16, 8, 13, '2019-11-11', '2020-01-24', 'lundi', 'H1'),
(496, 5, 16, 8, 13, '2019-11-11', '2020-01-24', 'lundi', 'H2'),
(497, 5, 16, 8, 13, '2019-11-11', '2020-01-24', 'lundi', 'H3'),
(498, 5, 16, 8, 13, '2019-11-11', '2020-01-24', 'lundi', 'H4'),
(499, 5, 4, 5, 11, '2019-11-11', '2020-01-24', 'lundi', 'H5'),
(500, 5, 4, 5, 11, '2019-11-11', '2020-01-24', 'lundi', 'H6'),
(501, 5, 16, 8, 14, '2019-11-11', '2020-01-24', 'lundi', 'H7'),
(502, 5, 16, 8, 14, '2019-11-11', '2020-01-24', 'lundi', 'H8'),
(503, 5, 2, 8, 3, '2019-11-11', '2020-01-24', 'lundi', 'H9'),
(504, 5, 2, 8, 3, '2019-11-11', '2020-01-24', 'lundi', 'H10'),
(505, 5, 11, 8, 5, '2019-11-11', '2020-01-24', 'mardi', 'H2'),
(506, 5, 11, 8, 5, '2019-11-11', '2020-01-24', 'mardi', 'H3'),
(507, 5, 11, 8, 5, '2019-11-11', '2020-01-24', 'mardi', 'H4'),
(508, 5, NULL, 2, 2, '2019-11-11', '2020-01-24', 'mardi', 'H5'),
(509, 5, NULL, 2, 2, '2019-11-11', '2020-01-24', 'mardi', 'H6'),
(510, 5, 14, 8, 1, '2019-11-11', '2020-01-24', 'mardi', 'H7'),
(511, 5, 14, 8, 1, '2019-11-11', '2020-01-24', 'mardi', 'H8'),
(512, 5, 3, 3, 4, '2019-11-11', '2020-01-24', 'mardi', 'H9'),
(513, 5, 3, 3, 4, '2019-11-11', '2020-01-24', 'mardi', 'H10'),
(514, 5, 14, 8, 1, '2019-11-11', '2020-01-24', 'mercredi', 'H1'),
(515, 5, 14, 8, 1, '2019-11-11', '2020-01-24', 'mercredi', 'H2'),
(516, 5, 14, 8, 1, '2019-11-11', '2020-01-24', 'mercredi', 'H3'),
(517, 5, 14, 8, 1, '2019-11-11', '2020-01-24', 'mercredi', 'H4'),
(518, 5, NULL, 2, 2, '2019-11-11', '2020-01-24', 'mercredi', 'H5'),
(519, 5, NULL, 2, 2, '2019-11-11', '2020-01-24', 'mercredi', 'H6'),
(520, 5, 16, 8, 14, '2019-11-11', '2020-01-24', 'mercredi', 'H7'),
(521, 5, 16, 8, 14, '2019-11-11', '2020-01-24', 'mercredi', 'H8'),
(522, 5, NULL, 2, 2, '2019-11-11', '2020-01-24', 'mercredi', 'H9'),
(523, 5, NULL, 2, 2, '2019-11-11', '2020-01-24', 'mercredi', 'H10'),
(524, 5, 6, 3, 10, '2019-11-11', '2020-01-24', 'jeudi', 'H1'),
(525, 5, 6, 3, 10, '2019-11-11', '2020-01-24', 'jeudi', 'H2'),
(526, 5, 8, 4, 9, '2019-11-11', '2020-01-24', 'jeudi', 'H3'),
(527, 5, 8, 4, 9, '2019-11-11', '2020-01-24', 'jeudi', 'H4'),
(528, 5, NULL, 2, 2, '2019-11-11', '2020-01-24', 'jeudi', 'H5'),
(529, 5, NULL, 2, 2, '2019-11-11', '2020-01-24', 'jeudi', 'H6'),
(530, 5, 7, 8, 8, '2019-11-11', '2020-01-24', 'jeudi', 'H7'),
(531, 5, 7, 8, 8, '2019-11-11', '2020-01-24', 'jeudi', 'H8'),
(532, 5, 6, 3, 7, '2019-11-11', '2020-01-24', 'vendredi', 'H1'),
(533, 5, 6, 3, 7, '2019-11-11', '2020-01-24', 'vendredi', 'H2'),
(534, 5, 5, 6, 6, '2019-11-11', '2020-01-24', 'vendredi', 'H3'),
(535, 5, 5, 6, 6, '2019-11-11', '2020-01-24', 'vendredi', 'H4'),
(536, 5, NULL, 2, 2, '2019-11-11', '2020-01-24', 'vendredi', 'H5'),
(537, 5, NULL, 2, 2, '2019-11-11', '2020-01-24', 'vendredi', 'H6'),
(538, 5, 15, 8, 12, '2019-11-11', '2020-01-24', 'vendredi', 'H7'),
(539, 5, 15, 8, 12, '2019-11-11', '2020-01-24', 'vendredi', 'H8'),
(540, 5, 15, 8, 12, '2019-11-11', '2020-01-24', 'vendredi', 'H9'),
(541, 6, 11, 2, 5, '2020-01-27', '2020-04-08', 'lundi', 'H3'),
(542, 6, 11, 2, 5, '2020-01-27', '2020-04-08', 'lundi', 'H4'),
(543, 6, NULL, 2, 2, '2020-01-27', '2020-04-08', 'lundi', 'H5'),
(544, 6, NULL, 2, 2, '2020-01-27', '2020-04-08', 'lundi', 'H6'),
(545, 6, 9, 2, 12, '2020-01-27', '2020-04-08', 'lundi', 'H7'),
(546, 6, 9, 2, 12, '2020-01-27', '2020-04-08', 'lundi', 'H8'),
(547, 6, 9, 2, 12, '2020-01-27', '2020-04-08', 'lundi', 'H9'),
(548, 6, 10, 2, 16, '2020-01-27', '2020-04-08', 'mardi', 'H1'),
(549, 6, 10, 2, 16, '2020-01-27', '2020-04-08', 'mardi', 'H2'),
(550, 6, 10, 2, 16, '2020-01-27', '2020-04-08', 'mardi', 'H3'),
(551, 6, 10, 2, 16, '2020-01-27', '2020-04-08', 'mardi', 'H4'),
(552, 6, 4, 5, 11, '2020-01-27', '2020-04-08', 'mardi', 'H5'),
(553, 6, 4, 5, 11, '2020-01-27', '2020-04-08', 'mardi', 'H6'),
(554, 6, 12, 3, 17, '2020-01-27', '2020-04-08', 'mardi', 'H7'),
(555, 6, 12, 3, 17, '2020-01-27', '2020-04-08', 'mardi', 'H8'),
(556, 6, 13, 2, 15, '2020-01-27', '2020-04-08', 'mardi', 'H9'),
(557, 6, 13, 2, 15, '2020-01-27', '2020-04-08', 'mardi', 'H10'),
(558, 6, 11, 2, 5, '2020-01-27', '2020-04-08', 'mercredi', 'H1'),
(559, 6, 11, 2, 5, '2020-01-27', '2020-04-08', 'mercredi', 'H2'),
(560, 6, 11, 2, 14, '2020-01-27', '2020-04-08', 'mercredi', 'H3'),
(561, 6, 11, 2, 14, '2020-01-27', '2020-04-08', 'mercredi', 'H4'),
(562, 6, NULL, 2, 2, '2020-01-27', '2020-04-08', 'mercredi', 'H5'),
(563, 6, NULL, 2, 2, '2020-01-27', '2020-04-08', 'mercredi', 'H6'),
(564, 6, NULL, 2, 2, '2020-01-27', '2020-04-08', 'mercredi', 'H7'),
(565, 6, NULL, 2, 2, '2020-01-27', '2020-04-08', 'mercredi', 'H8'),
(566, 6, 10, 2, 16, '2020-01-27', '2020-04-08', 'jeudi', 'H1'),
(567, 6, 10, 2, 16, '2020-01-27', '2020-04-08', 'jeudi', 'H2'),
(568, 6, 10, 2, 16, '2020-01-27', '2020-04-08', 'jeudi', 'H3'),
(569, 6, 10, 2, 16, '2020-01-27', '2020-04-08', 'jeudi', 'H4'),
(570, 6, NULL, 2, 2, '2020-01-27', '2020-04-08', 'jeudi', 'H5'),
(571, 6, NULL, 2, 2, '2020-01-27', '2020-04-08', 'jeudi', 'H6'),
(572, 6, 5, 6, 6, '2020-01-27', '2020-04-08', 'jeudi', 'H7'),
(573, 6, 5, 6, 6, '2020-01-27', '2020-04-08', 'jeudi', 'H8'),
(574, 6, 11, 2, 14, '2020-01-27', '2020-04-08', 'jeudi', 'H9'),
(575, 6, 11, 2, 14, '2020-01-27', '2020-04-08', 'jeudi', 'H10'),
(576, 6, 6, 3, 7, '2020-01-27', '2020-04-08', 'vendredi', 'H1'),
(577, 6, 6, 3, 3, '2020-01-27', '2020-04-08', 'vendredi', 'H2'),
(578, 6, 7, 2, 8, '2020-01-27', '2020-04-08', 'vendredi', 'H3'),
(579, 6, 7, 2, 8, '2020-01-27', '2020-04-08', 'vendredi', 'H4'),
(580, 6, NULL, 2, 2, '2020-01-27', '2020-04-08', 'vendredi', 'H5'),
(581, 6, NULL, 2, 2, '2020-01-27', '2020-04-08', 'vendredi', 'H6'),
(582, 6, 1, 2, 13, '2020-01-27', '2020-04-08', 'vendredi', 'H7'),
(583, 6, 1, 2, 13, '2020-01-27', '2020-04-08', 'vendredi', 'H8'),
(584, 6, 1, 2, 13, '2020-01-27', '2020-04-08', 'vendredi', 'H9'),
(585, 6, 1, 2, 13, '2020-01-27', '2020-04-08', 'vendredi', 'H10'),
(586, 5, 16, 8, 13, '2020-01-27', '2020-04-08', 'lundi', 'H1'),
(587, 5, 16, 8, 13, '2020-01-27', '2020-04-08', 'lundi', 'H2'),
(588, 5, 16, 8, 13, '2020-01-27', '2020-04-08', 'lundi', 'H3'),
(589, 5, 16, 8, 13, '2020-01-27', '2020-04-08', 'lundi', 'H4'),
(590, 5, NULL, 2, 2, '2020-01-27', '2020-04-08', 'lundi', 'H5'),
(591, 5, NULL, 2, 2, '2020-01-27', '2020-04-08', 'lundi', 'H6'),
(592, 5, 16, 8, 14, '2020-01-27', '2020-04-08', 'lundi', 'H7'),
(593, 5, 16, 8, 14, '2020-01-27', '2020-04-08', 'lundi', 'H8'),
(594, 5, 2, 8, 15, '2020-01-27', '2020-04-08', 'lundi', 'H9'),
(595, 5, 2, 8, 15, '2020-01-27', '2020-04-08', 'lundi', 'H10'),
(596, 5, 14, 8, 16, '2020-01-27', '2020-04-08', 'mardi', 'H1'),
(597, 5, 14, 8, 16, '2020-01-27', '2020-04-08', 'mardi', 'H2'),
(598, 5, 14, 8, 16, '2020-01-27', '2020-04-08', 'mardi', 'H3'),
(599, 5, 14, 8, 16, '2020-01-27', '2020-04-08', 'mardi', 'H4'),
(600, 5, 4, 5, 11, '2020-01-27', '2020-04-08', 'mardi', 'H5'),
(601, 5, 4, 5, 11, '2020-01-27', '2020-04-08', 'mardi', 'H6'),
(602, 5, 11, 8, 5, '2020-01-27', '2020-04-08', 'mardi', 'H7'),
(603, 5, 11, 8, 5, '2020-01-27', '2020-04-08', 'mardi', 'H8'),
(604, 5, NULL, 8, 2, '2020-01-27', '2020-04-08', 'mardi', 'H9'),
(605, 5, NULL, 8, 2, '2020-01-27', '2020-04-08', 'mardi', 'H10'),
(606, 5, NULL, 2, 2, '2020-01-27', '2020-04-08', 'mercredi', 'H5'),
(607, 5, NULL, 2, 2, '2020-01-27', '2020-04-08', 'mercredi', 'H6'),
(608, 5, 12, 4, 17, '2020-01-27', '2020-04-08', 'mercredi', 'H7'),
(609, 5, 12, 4, 19, '2020-01-27', '2020-04-08', 'mercredi', 'H8'),
(610, 5, 16, 8, 14, '2020-01-27', '2020-04-08', 'mercredi', 'H9'),
(611, 5, 16, 8, 14, '2020-01-27', '2020-04-08', 'mercredi', 'H10'),
(612, 5, 14, 8, 16, '2020-01-27', '2020-04-08', 'jeudi', 'H1'),
(613, 5, 14, 8, 16, '2020-01-27', '2020-04-08', 'jeudi', 'H2'),
(614, 5, 14, 8, 16, '2020-01-27', '2020-04-08', 'jeudi', 'H3'),
(615, 5, 14, 8, 16, '2020-01-27', '2020-04-08', 'jeudi', 'H4'),
(616, 5, NULL, 2, 2, '2020-01-27', '2020-04-08', 'jeudi', 'H5'),
(617, 5, NULL, 2, 2, '2020-01-27', '2020-04-08', 'jeudi', 'H6'),
(618, 5, 11, 8, 5, '2020-01-27', '2020-04-08', 'jeudi', 'H7'),
(619, 5, 11, 8, 5, '2020-01-27', '2020-04-08', 'jeudi', 'H8'),
(620, 5, 7, 8, 8, '2020-01-27', '2020-04-08', 'jeudi', 'H9'),
(621, 5, 7, 8, 8, '2020-01-27', '2020-04-08', 'jeudi', 'H10'),
(622, 5, 6, 3, 7, '2020-01-27', '2020-04-08', 'vendredi', 'H1'),
(623, 5, 6, 3, 3, '2020-01-27', '2020-04-08', 'vendredi', 'H2'),
(624, 5, 5, 6, 6, '2020-01-27', '2020-04-08', 'vendredi', 'H3'),
(625, 5, 5, 6, 6, '2020-01-27', '2020-04-08', 'vendredi', 'H4'),
(626, 5, NULL, 2, 2, '2020-01-27', '2020-04-08', 'vendredi', 'H5'),
(627, 5, NULL, 2, 2, '2020-01-27', '2020-04-08', 'vendredi', 'H6'),
(628, 5, 15, 8, 12, '2020-01-27', '2020-04-08', 'vendredi', 'H7'),
(629, 5, 15, 8, 12, '2020-01-27', '2020-04-08', 'vendredi', 'H8'),
(630, 5, 15, 8, 12, '2020-01-27', '2020-04-08', 'vendredi', 'H9'),
(631, 6, 10, 2, 16, '2020-04-20', '2020-06-26', 'lundi', 'H1'),
(632, 6, 10, 2, 16, '2020-04-20', '2020-06-26', 'lundi', 'H2'),
(633, 6, 10, 2, 16, '2020-04-20', '2020-06-26', 'lundi', 'H3'),
(634, 6, 10, 2, 16, '2020-04-20', '2020-06-26', 'lundi', 'H4'),
(635, 6, NULL, 2, 2, '2020-04-20', '2020-06-26', 'lundi', 'H5'),
(636, 6, NULL, 2, 2, '2020-04-20', '2020-06-26', 'lundi', 'H6'),
(637, 6, 11, 2, 14, '2020-04-20', '2020-06-26', 'lundi', 'H7'),
(638, 6, 11, 2, 14, '2020-04-20', '2020-06-26', 'lundi', 'H8'),
(639, 6, 11, 2, 5, '2020-04-20', '2020-06-26', 'mardi', 'H1'),
(640, 6, 11, 2, 5, '2020-04-20', '2020-06-26', 'mardi', 'H2'),
(641, 6, 11, 2, 14, '2020-04-20', '2020-06-26', 'mardi', 'H3'),
(642, 6, 11, 2, 14, '2020-04-20', '2020-06-26', 'mardi', 'H4'),
(643, 6, NULL, 2, 2, '2020-04-20', '2020-06-26', 'mardi', 'H5'),
(644, 6, NULL, 2, 2, '2020-04-20', '2020-06-26', 'mardi', 'H6'),
(645, 6, 13, 2, 15, '2020-04-20', '2020-06-26', 'mardi', 'H7'),
(646, 6, 13, 2, 15, '2020-04-20', '2020-06-26', 'mardi', 'H8'),
(647, 6, 1, 2, 18, '2020-04-20', '2020-06-26', 'mardi', 'H9'),
(648, 6, 1, 2, 18, '2020-04-20', '2020-06-26', 'mardi', 'H10'),
(649, 6, 1, 2, 13, '2020-04-20', '2020-06-26', 'mercredi', 'H1'),
(650, 6, 1, 2, 13, '2020-04-20', '2020-06-26', 'mercredi', 'H2'),
(651, 6, 1, 2, 13, '2020-04-20', '2020-06-26', 'mercredi', 'H3'),
(652, 6, 1, 2, 13, '2020-04-20', '2020-06-26', 'mercredi', 'H4'),
(653, 6, NULL, 2, 2, '2020-04-20', '2020-06-26', 'mercredi', 'H5'),
(654, 6, NULL, 2, 2, '2020-04-20', '2020-06-26', 'mercredi', 'H6'),
(655, 6, NULL, 2, 2, '2020-04-20', '2020-06-26', 'mercredi', 'H7'),
(656, 6, NULL, 2, 2, '2020-04-20', '2020-06-26', 'mercredi', 'H8'),
(657, 6, 10, 2, 16, '2020-04-20', '2020-06-26', 'jeudi', 'H1'),
(658, 6, 10, 2, 16, '2020-04-20', '2020-06-26', 'jeudi', 'H2'),
(659, 6, 10, 2, 16, '2020-04-20', '2020-06-26', 'jeudi', 'H3'),
(660, 6, 10, 2, 16, '2020-04-20', '2020-06-26', 'jeudi', 'H4'),
(661, 6, NULL, 2, 2, '2020-04-20', '2020-06-26', 'jeudi', 'H5'),
(662, 6, NULL, 2, 2, '2020-04-20', '2020-06-26', 'jeudi', 'H6'),
(663, 6, 7, 2, 8, '2020-04-20', '2020-06-26', 'jeudi', 'H7'),
(664, 6, 7, 2, 8, '2020-04-20', '2020-06-26', 'jeudi', 'H8'),
(665, 6, 5, 6, 6, '2020-04-20', '2020-06-26', 'jeudi', 'H9'),
(666, 6, 5, 6, 6, '2020-04-20', '2020-06-26', 'jeudi', 'H10'),
(667, 6, 6, 3, 7, '2020-04-20', '2020-06-26', 'vendredi', 'H1'),
(668, 6, 6, 3, 7, '2020-04-20', '2020-06-26', 'vendredi', 'H2'),
(669, 6, 12, 3, 17, '2020-04-20', '2020-06-26', 'vendredi', 'H3'),
(670, 6, 12, 3, 17, '2020-04-20', '2020-06-26', 'vendredi', 'H4'),
(671, 6, 4, 5, 11, '2020-04-20', '2020-06-26', 'vendredi', 'H5'),
(672, 6, 4, 5, 11, '2020-04-20', '2020-06-26', 'vendredi', 'H6'),
(673, 6, 9, 2, 12, '2020-04-20', '2020-06-26', 'vendredi', 'H7'),
(674, 6, 9, 2, 12, '2020-04-20', '2020-06-26', 'vendredi', 'H8'),
(675, 6, 9, 2, 12, '2020-04-20', '2020-06-26', 'vendredi', 'H9'),
(676, 5, 16, 8, 13, '2020-04-20', '2020-06-26', 'lundi', 'H1'),
(677, 5, 16, 8, 13, '2020-04-20', '2020-06-26', 'lundi', 'H2'),
(678, 5, 16, 8, 13, '2020-04-20', '2020-06-26', 'lundi', 'H3'),
(679, 5, 16, 8, 13, '2020-04-20', '2020-06-26', 'lundi', 'H4'),
(680, 5, NULL, 2, 2, '2020-04-20', '2020-06-26', 'lundi', 'H5'),
(681, 5, NULL, 2, 2, '2020-04-20', '2020-06-26', 'lundi', 'H6'),
(682, 5, 16, 8, 14, '2020-04-20', '2020-06-26', 'lundi', 'H7'),
(683, 5, 16, 8, 14, '2020-04-20', '2020-06-26', 'lundi', 'H8'),
(684, 5, 2, 8, 15, '2020-04-20', '2020-06-26', 'lundi', 'H9'),
(685, 5, 2, 8, 15, '2020-04-20', '2020-06-26', 'lundi', 'H10'),
(686, 5, 14, 8, 16, '2020-04-20', '2020-06-26', 'mardi', 'H1'),
(687, 5, 14, 8, 16, '2020-04-20', '2020-06-26', 'mardi', 'H2'),
(688, 5, 14, 8, 16, '2020-04-20', '2020-06-26', 'mardi', 'H3'),
(689, 5, 14, 8, 16, '2020-04-20', '2020-06-26', 'mardi', 'H4'),
(690, 5, NULL, 2, 2, '2020-04-20', '2020-06-26', 'mardi', 'H5'),
(691, 5, NULL, 2, 2, '2020-04-20', '2020-06-26', 'mardi', 'H6'),
(692, 5, 14, 8, 18, '2020-04-20', '2020-06-26', 'mardi', 'H7'),
(693, 5, 14, 8, 18, '2020-04-20', '2020-06-26', 'mardi', 'H8'),
(694, 5, NULL, 8, 2, '2020-04-20', '2020-06-26', 'mardi', 'H9'),
(695, 5, NULL, 8, 2, '2020-04-20', '2020-06-26', 'mardi', 'H10'),
(696, 5, NULL, 2, 2, '2020-04-20', '2020-06-26', 'mercredi', 'H5'),
(697, 5, NULL, 2, 2, '2020-04-20', '2020-06-26', 'mercredi', 'H6'),
(698, 5, 12, 4, 17, '2020-04-20', '2020-06-26', 'mercredi', 'H7'),
(699, 5, 12, 4, 19, '2020-04-20', '2020-06-26', 'mercredi', 'H8'),
(700, 5, 16, 8, 14, '2020-04-20', '2020-06-26', 'mercredi', 'H9'),
(701, 5, 16, 8, 14, '2020-04-20', '2020-06-26', 'mercredi', 'H10'),
(702, 5, 14, 8, 16, '2020-04-20', '2020-06-26', 'jeudi', 'H1'),
(703, 5, 14, 8, 16, '2020-04-20', '2020-06-26', 'jeudi', 'H2'),
(704, 5, 14, 8, 16, '2020-04-20', '2020-06-26', 'jeudi', 'H3'),
(705, 5, 14, 8, 16, '2020-04-20', '2020-06-26', 'jeudi', 'H4'),
(706, 5, NULL, 2, 2, '2020-04-20', '2020-06-26', 'jeudi', 'H5'),
(707, 5, NULL, 2, 2, '2020-04-20', '2020-06-26', 'jeudi', 'H6'),
(708, 5, 5, 6, 6, '2020-04-20', '2020-06-26', 'jeudi', 'H7'),
(709, 5, 5, 6, 6, '2020-04-20', '2020-06-26', 'jeudi', 'H8'),
(710, 5, 7, 8, 8, '2020-04-20', '2020-06-26', 'jeudi', 'H9'),
(711, 5, 7, 8, 8, '2020-04-20', '2020-06-26', 'jeudi', 'H10'),
(712, 5, 6, 3, 7, '2020-04-20', '2020-06-26', 'vendredi', 'H1'),
(713, 5, 6, 3, 7, '2020-04-20', '2020-06-26', 'vendredi', 'H2'),
(714, 5, 11, 8, 5, '2020-04-20', '2020-06-26', 'vendredi', 'H3'),
(715, 5, 11, 8, 5, '2020-04-20', '2020-06-26', 'vendredi', 'H4'),
(716, 5, 4, 5, 11, '2020-04-20', '2020-06-26', 'vendredi', 'H5'),
(717, 5, 4, 5, 11, '2020-04-20', '2020-06-26', 'vendredi', 'H6'),
(718, 5, 15, 8, 12, '2020-04-20', '2020-06-26', 'vendredi', 'H7'),
(719, 5, 15, 8, 12, '2020-04-20', '2020-06-26', 'vendredi', 'H8'),
(720, 5, 15, 8, 12, '2020-04-20', '2020-06-26', 'vendredi', 'H9'),
(721, 8, NULL, 6, 20, '2019-08-26', '2019-11-08', 'lundi', 'H1'),
(722, 8, NULL, 6, 20, '2019-08-26', '2019-11-08', 'lundi', 'H2'),
(723, 8, NULL, 6, 20, '2019-08-26', '2019-11-08', 'lundi', 'H3'),
(724, 8, NULL, 6, 20, '2019-08-26', '2019-11-08', 'lundi', 'H4'),
(725, 8, NULL, 6, 20, '2019-08-26', '2019-11-08', 'lundi', 'H7'),
(726, 8, NULL, 6, 20, '2019-08-26', '2019-11-08', 'lundi', 'H8'),
(727, 8, NULL, 6, 20, '2019-08-26', '2019-11-08', 'lundi', 'H9'),
(728, 8, NULL, 6, 20, '2019-08-26', '2019-11-08', 'lundi', 'H10'),
(729, 8, NULL, 6, 20, '2019-08-26', '2019-11-08', 'mardi', 'H1'),
(730, 8, NULL, 6, 20, '2019-08-26', '2019-11-08', 'mardi', 'H2'),
(731, 8, NULL, 6, 20, '2019-08-26', '2019-11-08', 'mardi', 'H3'),
(732, 8, NULL, 6, 20, '2019-08-26', '2019-11-08', 'mardi', 'H4'),
(733, 8, NULL, 6, 20, '2019-08-26', '2019-11-08', 'mardi', 'H7'),
(734, 8, NULL, 6, 20, '2019-08-26', '2019-11-08', 'mardi', 'H8'),
(735, 8, NULL, 6, 20, '2019-08-26', '2019-11-08', 'mardi', 'H9'),
(736, 8, NULL, 6, 20, '2019-08-26', '2019-11-08', 'mardi', 'H10'),
(737, 8, NULL, 6, 20, '2019-08-26', '2019-11-08', 'mercredi', 'H1'),
(738, 8, NULL, 6, 20, '2019-08-26', '2019-11-08', 'mercredi', 'H2'),
(739, 8, NULL, 6, 20, '2019-08-26', '2019-11-08', 'mercredi', 'H3'),
(740, 8, NULL, 6, 20, '2019-08-26', '2019-11-08', 'mercredi', 'H4'),
(741, 8, NULL, 6, 20, '2019-08-26', '2019-11-08', 'mercredi', 'H7'),
(742, 8, NULL, 6, 20, '2019-08-26', '2019-11-08', 'mercredi', 'H8'),
(743, 8, NULL, 6, 20, '2019-08-26', '2019-11-08', 'mercredi', 'H9'),
(744, 8, NULL, 6, 20, '2019-08-26', '2019-11-08', 'mercredi', 'H10'),
(745, 8, NULL, 6, 20, '2019-08-26', '2019-11-08', 'jeudi', 'H1'),
(746, 8, NULL, 6, 20, '2019-08-26', '2019-11-08', 'jeudi', 'H2'),
(747, 8, NULL, 6, 20, '2019-08-26', '2019-11-08', 'jeudi', 'H3'),
(748, 8, NULL, 6, 20, '2019-08-26', '2019-11-08', 'jeudi', 'H4'),
(749, 8, NULL, 6, 20, '2019-08-26', '2019-11-08', 'jeudi', 'H7'),
(750, 8, NULL, 6, 20, '2019-08-26', '2019-11-08', 'jeudi', 'H8'),
(751, 8, NULL, 6, 20, '2019-08-26', '2019-11-08', 'jeudi', 'H9'),
(752, 8, NULL, 6, 20, '2019-08-26', '2019-11-08', 'jeudi', 'H10'),
(753, 8, NULL, 6, 20, '2019-08-26', '2019-11-08', 'vendredi', 'H1'),
(754, 8, NULL, 6, 20, '2019-08-26', '2019-11-08', 'vendredi', 'H2'),
(755, 8, NULL, 6, 20, '2019-08-26', '2019-11-08', 'vendredi', 'H3'),
(756, 8, NULL, 6, 20, '2019-08-26', '2019-11-08', 'vendredi', 'H4'),
(757, 8, NULL, 6, 20, '2019-08-26', '2019-11-08', 'vendredi', 'H7'),
(758, 8, NULL, 6, 20, '2019-08-26', '2019-11-08', 'vendredi', 'H8'),
(759, 8, NULL, 6, 20, '2019-08-26', '2019-11-08', 'vendredi', 'H9'),
(760, 8, NULL, 6, 20, '2019-08-26', '2019-11-08', 'vendredi', 'H10'),
(761, 7, NULL, 7, 20, '2019-08-26', '2019-11-08', 'lundi', 'H1'),
(762, 7, NULL, 7, 20, '2019-08-26', '2019-11-08', 'lundi', 'H2'),
(763, 7, NULL, 7, 20, '2019-08-26', '2019-11-08', 'lundi', 'H3'),
(764, 7, NULL, 7, 20, '2019-08-26', '2019-11-08', 'lundi', 'H4'),
(765, 7, NULL, 7, 20, '2019-08-26', '2019-11-08', 'lundi', 'H7'),
(766, 7, NULL, 7, 20, '2019-08-26', '2019-11-08', 'lundi', 'H8'),
(767, 7, NULL, 7, 20, '2019-08-26', '2019-11-08', 'lundi', 'H9'),
(768, 7, NULL, 7, 20, '2019-08-26', '2019-11-08', 'lundi', 'H10'),
(769, 7, NULL, 7, 20, '2019-08-26', '2019-11-08', 'mardi', 'H1'),
(770, 7, NULL, 7, 20, '2019-08-26', '2019-11-08', 'mardi', 'H2'),
(771, 7, NULL, 7, 20, '2019-08-26', '2019-11-08', 'mardi', 'H3'),
(772, 7, NULL, 7, 20, '2019-08-26', '2019-11-08', 'mardi', 'H4'),
(773, 7, NULL, 7, 20, '2019-08-26', '2019-11-08', 'mardi', 'H7'),
(774, 7, NULL, 7, 20, '2019-08-26', '2019-11-08', 'mardi', 'H8'),
(775, 7, NULL, 7, 20, '2019-08-26', '2019-11-08', 'mardi', 'H9'),
(776, 7, NULL, 7, 20, '2019-08-26', '2019-11-08', 'mardi', 'H10'),
(777, 7, NULL, 7, 20, '2019-08-26', '2019-11-08', 'mercredi', 'H1'),
(778, 7, NULL, 7, 20, '2019-08-26', '2019-11-08', 'mercredi', 'H2'),
(779, 7, NULL, 7, 20, '2019-08-26', '2019-11-08', 'mercredi', 'H3'),
(780, 7, NULL, 7, 20, '2019-08-26', '2019-11-08', 'mercredi', 'H4'),
(781, 7, NULL, 7, 20, '2019-08-26', '2019-11-08', 'mercredi', 'H7'),
(782, 7, NULL, 7, 20, '2019-08-26', '2019-11-08', 'mercredi', 'H8'),
(783, 7, NULL, 7, 20, '2019-08-26', '2019-11-08', 'mercredi', 'H9'),
(784, 7, NULL, 7, 20, '2019-08-26', '2019-11-08', 'mercredi', 'H10'),
(785, 7, NULL, 7, 20, '2019-08-26', '2019-11-08', 'jeudi', 'H1'),
(786, 7, NULL, 7, 20, '2019-08-26', '2019-11-08', 'jeudi', 'H2'),
(787, 7, NULL, 7, 20, '2019-08-26', '2019-11-08', 'jeudi', 'H3'),
(788, 7, NULL, 7, 20, '2019-08-26', '2019-11-08', 'jeudi', 'H4'),
(789, 7, NULL, 7, 20, '2019-08-26', '2019-11-08', 'jeudi', 'H7'),
(790, 7, NULL, 7, 20, '2019-08-26', '2019-11-08', 'jeudi', 'H8'),
(791, 7, NULL, 7, 20, '2019-08-26', '2019-11-08', 'jeudi', 'H9'),
(792, 7, NULL, 7, 20, '2019-08-26', '2019-11-08', 'jeudi', 'H10'),
(793, 7, NULL, 7, 20, '2019-08-26', '2019-11-08', 'vendredi', 'H1'),
(794, 7, NULL, 7, 20, '2019-08-26', '2019-11-08', 'vendredi', 'H2'),
(795, 7, NULL, 7, 20, '2019-08-26', '2019-11-08', 'vendredi', 'H3');
INSERT INTO `horaire` (`idHoraire`, `idGroupe`, `idProfesseur`, `idSalle`, `idCours`, `dateDebut`, `dateFin`, `jour`, `heure`) VALUES
(796, 7, NULL, 7, 20, '2019-08-26', '2019-11-08', 'vendredi', 'H4'),
(797, 7, NULL, 7, 20, '2019-08-26', '2019-11-08', 'vendredi', 'H7'),
(798, 7, NULL, 7, 20, '2019-08-26', '2019-11-08', 'vendredi', 'H8'),
(799, 7, NULL, 7, 20, '2019-08-26', '2019-11-08', 'vendredi', 'H9'),
(800, 7, NULL, 7, 20, '2019-08-26', '2019-11-08', 'vendredi', 'H10'),
(801, 8, NULL, 6, 2, '2019-11-11', '2020-01-24', 'lundi', 'H1'),
(802, 8, NULL, 6, 2, '2019-11-11', '2020-01-24', 'lundi', 'H2'),
(803, 8, NULL, 6, 2, '2019-11-11', '2020-01-24', 'lundi', 'H3'),
(804, 8, NULL, 6, 2, '2019-11-11', '2020-01-24', 'lundi', 'H4'),
(805, 8, 5, 6, 6, '2019-11-11', '2020-01-24', 'lundi', 'H5'),
(806, 8, 5, 6, 6, '2019-11-11', '2020-01-24', 'lundi', 'H6'),
(807, 8, 1, 1, 21, '2019-11-11', '2020-01-24', 'lundi', 'H7'),
(808, 8, 1, 1, 21, '2019-11-11', '2020-01-24', 'lundi', 'H8'),
(809, 8, 1, 1, 21, '2019-11-11', '2020-01-24', 'lundi', 'H9'),
(810, 8, 1, 1, 21, '2019-11-11', '2020-01-24', 'lundi', 'H10'),
(811, 8, 14, 6, 12, '2019-11-11', '2020-01-24', 'mardi', 'H1'),
(812, 8, 14, 6, 12, '2019-11-11', '2020-01-24', 'mardi', 'H2'),
(813, 8, 14, 6, 12, '2019-11-11', '2020-01-24', 'mardi', 'H3'),
(814, 8, 14, 6, 12, '2019-11-11', '2020-01-24', 'mardi', 'H4'),
(815, 8, NULL, 6, 2, '2019-11-11', '2020-01-24', 'mardi', 'H5'),
(816, 8, NULL, 6, 2, '2019-11-11', '2020-01-24', 'mardi', 'H6'),
(817, 8, 17, 9, 22, '2019-11-11', '2020-01-24', 'mardi', 'H7'),
(818, 8, 17, 9, 22, '2019-11-11', '2020-01-24', 'mardi', 'H8'),
(819, 8, 13, 9, 23, '2019-11-11', '2020-01-24', 'mardi', 'H9'),
(820, 8, 13, 9, 23, '2019-11-11', '2020-01-24', 'mardi', 'H10'),
(821, 8, 4, 2, 24, '2019-11-11', '2020-01-24', 'mercredi', 'H2'),
(822, 8, 4, 2, 24, '2019-11-11', '2020-01-24', 'mercredi', 'H3'),
(823, 8, 4, 2, 24, '2019-11-11', '2020-01-24', 'mercredi', 'H4'),
(824, 8, 4, 5, 11, '2019-11-11', '2020-01-24', 'mercredi', 'H5'),
(825, 8, 4, 5, 11, '2019-11-11', '2020-01-24', 'mercredi', 'H6'),
(826, 8, 5, 6, 25, '2019-11-11', '2020-01-24', 'mercredi', 'H7'),
(827, 8, 5, 6, 25, '2019-11-11', '2020-01-24', 'mercredi', 'H8'),
(828, 8, 5, 6, 25, '2019-11-11', '2020-01-24', 'mercredi', 'H9'),
(829, 8, 5, 6, 25, '2019-11-11', '2020-01-24', 'mercredi', 'H10'),
(830, 8, 4, 6, 26, '2019-11-11', '2020-01-24', 'jeudi', 'H1'),
(831, 8, 4, 6, 26, '2019-11-11', '2020-01-24', 'jeudi', 'H2'),
(832, 8, 11, 6, 27, '2019-11-11', '2020-01-24', 'jeudi', 'H3'),
(833, 8, 11, 6, 27, '2019-11-11', '2020-01-24', 'jeudi', 'H4'),
(834, 8, NULL, 6, 2, '2019-11-11', '2020-01-24', 'jeudi', 'H5'),
(835, 8, NULL, 6, 2, '2019-11-11', '2020-01-24', 'jeudi', 'H6'),
(836, 8, 17, 9, 28, '2019-11-11', '2020-01-24', 'jeudi', 'H7'),
(837, 8, 17, 9, 28, '2019-11-11', '2020-01-24', 'jeudi', 'H8'),
(838, 8, 17, 9, 29, '2019-11-11', '2020-01-24', 'jeudi', 'H9'),
(839, 8, 17, 9, 29, '2019-11-11', '2020-01-24', 'jeudi', 'H10'),
(840, 8, 9, 8, 30, '2019-11-11', '2020-01-24', 'vendredi', 'H1'),
(841, 8, 9, 8, 30, '2019-11-11', '2020-01-24', 'vendredi', 'H2'),
(842, 8, 9, 8, 30, '2019-11-11', '2020-01-24', 'vendredi', 'H3'),
(843, 8, 9, 8, 30, '2019-11-11', '2020-01-24', 'vendredi', 'H4'),
(844, 8, NULL, 6, 2, '2019-11-11', '2020-01-24', 'vendredi', 'H5'),
(845, 8, NULL, 6, 2, '2019-11-11', '2020-01-24', 'vendredi', 'H6'),
(846, 8, 4, 6, 26, '2019-11-11', '2020-01-24', 'vendredi', 'H7'),
(847, 8, 4, 6, 26, '2019-11-11', '2020-01-24', 'vendredi', 'H8'),
(848, 7, 5, 7, 25, '2019-11-11', '2020-01-24', 'lundi', 'H1'),
(849, 7, 5, 7, 25, '2019-11-11', '2020-01-24', 'lundi', 'H2'),
(850, 7, 5, 7, 25, '2019-11-11', '2020-01-24', 'lundi', 'H3'),
(851, 7, 5, 7, 25, '2019-11-11', '2020-01-24', 'lundi', 'H4'),
(852, 7, NULL, 7, 2, '2019-11-11', '2020-01-24', 'lundi', 'H5'),
(853, 7, NULL, 7, 2, '2019-11-11', '2020-01-24', 'lundi', 'H6'),
(854, 7, 11, 7, 26, '2019-11-11', '2020-01-24', 'lundi', 'H7'),
(855, 7, 11, 7, 26, '2019-11-11', '2020-01-24', 'lundi', 'H8'),
(856, 7, 1, 1, 21, '2019-11-11', '2020-01-24', 'mardi', 'H1'),
(857, 7, 1, 1, 21, '2019-11-11', '2020-01-24', 'mardi', 'H2'),
(858, 7, 1, 1, 21, '2019-11-11', '2020-01-24', 'mardi', 'H3'),
(859, 7, 1, 1, 21, '2019-11-11', '2020-01-24', 'mardi', 'H4'),
(860, 7, NULL, 7, 2, '2019-11-11', '2020-01-24', 'mardi', 'H5'),
(861, 7, NULL, 7, 2, '2019-11-11', '2020-01-24', 'mardi', 'H6'),
(862, 7, 17, 9, 22, '2019-11-11', '2020-01-24', 'mardi', 'H7'),
(863, 7, 17, 9, 22, '2019-11-11', '2020-01-24', 'mardi', 'H8'),
(864, 7, 13, 9, 23, '2019-11-11', '2020-01-24', 'mardi', 'H9'),
(865, 7, 13, 9, 23, '2019-11-11', '2020-01-24', 'mardi', 'H10'),
(866, 7, 11, 7, 24, '2019-11-11', '2020-01-24', 'mercredi', 'H2'),
(867, 7, 11, 7, 24, '2019-11-11', '2020-01-24', 'mercredi', 'H3'),
(868, 7, 11, 7, 24, '2019-11-11', '2020-01-24', 'mercredi', 'H4'),
(869, 7, 4, 5, 11, '2019-11-11', '2020-01-24', 'mercredi', 'H5'),
(870, 7, 4, 5, 11, '2019-11-11', '2020-01-24', 'mercredi', 'H6'),
(871, 7, 14, 7, 12, '2019-11-11', '2020-01-24', 'mercredi', 'H7'),
(872, 7, 14, 7, 12, '2019-11-11', '2020-01-24', 'mercredi', 'H8'),
(873, 7, 14, 7, 12, '2019-11-11', '2020-01-24', 'mercredi', 'H9'),
(874, 7, 14, 7, 12, '2019-11-11', '2020-01-24', 'mercredi', 'H10'),
(875, 7, 11, 7, 26, '2019-11-11', '2020-01-24', 'jeudi', 'H1'),
(876, 7, 11, 7, 26, '2019-11-11', '2020-01-24', 'jeudi', 'H2'),
(877, 7, 4, 7, 27, '2019-11-11', '2020-01-24', 'jeudi', 'H3'),
(878, 7, 4, 7, 27, '2019-11-11', '2020-01-24', 'jeudi', 'H4'),
(879, 7, NULL, 7, 2, '2019-11-11', '2020-01-24', 'jeudi', 'H5'),
(880, 7, NULL, 7, 2, '2019-11-11', '2020-01-24', 'jeudi', 'H6'),
(881, 7, 17, 9, 28, '2019-11-11', '2020-01-24', 'jeudi', 'H7'),
(882, 7, 17, 9, 28, '2019-11-11', '2020-01-24', 'jeudi', 'H8'),
(883, 7, 17, 9, 29, '2019-11-11', '2020-01-24', 'jeudi', 'H9'),
(884, 7, 17, 9, 29, '2019-11-11', '2020-01-24', 'jeudi', 'H10'),
(885, 7, 14, 7, 30, '2019-11-11', '2020-01-24', 'vendredi', 'H1'),
(886, 7, 14, 7, 30, '2019-11-11', '2020-01-24', 'vendredi', 'H2'),
(887, 7, 14, 7, 30, '2019-11-11', '2020-01-24', 'vendredi', 'H3'),
(888, 7, 14, 7, 30, '2019-11-11', '2020-01-24', 'vendredi', 'H4'),
(889, 7, NULL, 7, 2, '2019-11-11', '2020-01-24', 'vendredi', 'H5'),
(890, 7, NULL, 7, 2, '2019-11-11', '2020-01-24', 'vendredi', 'H6'),
(891, 7, NULL, 7, 2, '2019-11-11', '2020-01-24', 'vendredi', 'H7'),
(892, 7, NULL, 7, 2, '2019-11-11', '2020-01-24', 'vendredi', 'H8'),
(893, 8, 9, 6, 30, '2020-01-27', '2020-04-08', 'lundi', 'H1'),
(894, 8, 9, 6, 30, '2020-01-27', '2020-04-08', 'lundi', 'H2'),
(895, 8, 9, 6, 31, '2020-01-27', '2020-04-08', 'lundi', 'H3'),
(896, 8, 9, 6, 31, '2020-01-27', '2020-04-08', 'lundi', 'H4'),
(897, 8, NULL, 6, 2, '2020-01-27', '2020-04-08', 'lundi', 'H5'),
(898, 8, NULL, 6, 2, '2020-01-27', '2020-04-08', 'lundi', 'H6'),
(899, 8, 1, 1, 21, '2020-01-27', '2020-04-08', 'lundi', 'H7'),
(900, 8, 1, 1, 21, '2020-01-27', '2020-04-08', 'lundi', 'H8'),
(901, 8, 1, 1, 21, '2020-01-27', '2020-04-08', 'lundi', 'H9'),
(902, 8, 4, 6, 26, '2020-01-27', '2020-04-08', 'mardi', 'H2'),
(903, 8, 4, 6, 26, '2020-01-27', '2020-04-08', 'mardi', 'H3'),
(904, 8, 4, 6, 26, '2020-01-27', '2020-04-08', 'mardi', 'H4'),
(905, 8, NULL, 6, 2, '2020-01-27', '2020-04-08', 'mardi', 'H5'),
(906, 8, NULL, 6, 2, '2020-01-27', '2020-04-08', 'mardi', 'H6'),
(907, 8, 13, 9, 23, '2020-01-27', '2020-04-08', 'mardi', 'H7'),
(908, 8, 13, 9, 23, '2020-01-27', '2020-04-08', 'mardi', 'H8'),
(909, 8, 12, 9, 17, '2020-01-27', '2020-04-08', 'mardi', 'H9'),
(910, 8, 12, 9, 17, '2020-01-27', '2020-04-08', 'mardi', 'H10'),
(911, 8, NULL, 7, 2, '2020-01-27', '2020-04-08', 'mercredi', 'H3'),
(912, 8, NULL, 7, 2, '2020-01-27', '2020-04-08', 'mercredi', 'H4'),
(913, 8, NULL, 7, 2, '2020-01-27', '2020-04-08', 'mercredi', 'H5'),
(914, 8, NULL, 7, 2, '2020-01-27', '2020-04-08', 'mercredi', 'H6'),
(915, 8, 17, 9, 28, '2020-01-27', '2020-04-08', 'mercredi', 'H7'),
(916, 8, 17, 9, 28, '2020-01-27', '2020-04-08', 'mercredi', 'H8'),
(917, 8, 17, 9, 29, '2020-01-27', '2020-04-08', 'mercredi', 'H9'),
(918, 8, 17, 9, 29, '2020-01-27', '2020-04-08', 'mercredi', 'H10'),
(919, 8, 5, 6, 25, '2020-01-27', '2020-04-08', 'jeudi', 'H1'),
(920, 8, 5, 6, 25, '2020-01-27', '2020-04-08', 'jeudi', 'H2'),
(921, 8, 5, 6, 25, '2020-01-27', '2020-04-08', 'jeudi', 'H3'),
(922, 8, 5, 6, 25, '2020-01-27', '2020-04-08', 'jeudi', 'H4'),
(923, 8, 4, 5, 11, '2020-01-27', '2020-04-08', 'jeudi', 'H5'),
(924, 8, 4, 5, 11, '2020-01-27', '2020-04-08', 'jeudi', 'H6'),
(925, 8, 4, 6, 24, '2020-01-27', '2020-04-08', 'jeudi', 'H7'),
(926, 8, 17, 6, 22, '2020-01-27', '2020-04-08', 'jeudi', 'H8'),
(927, 8, 4, 6, 24, '2020-01-27', '2020-04-08', 'jeudi', 'H9'),
(928, 8, 4, 6, 26, '2020-01-27', '2020-04-08', 'vendredi', 'H1'),
(929, 8, 4, 6, 26, '2020-01-27', '2020-04-08', 'vendredi', 'H2'),
(930, 8, 11, 8, 27, '2020-01-27', '2020-04-08', 'vendredi', 'H3'),
(931, 8, 11, 8, 27, '2020-01-27', '2020-04-08', 'vendredi', 'H4'),
(932, 8, NULL, 6, 2, '2020-01-27', '2020-04-08', 'vendredi', 'H5'),
(933, 8, NULL, 6, 2, '2020-01-27', '2020-04-08', 'vendredi', 'H6'),
(934, 8, 14, 6, 12, '2020-01-27', '2020-04-08', 'vendredi', 'H7'),
(935, 8, 14, 6, 12, '2020-01-27', '2020-04-08', 'vendredi', 'H8'),
(936, 8, 14, 6, 12, '2020-01-27', '2020-04-08', 'vendredi', 'H9'),
(937, 7, 11, 7, 24, '2020-01-27', '2020-04-08', 'lundi', 'H1'),
(938, 7, 11, 7, 24, '2020-01-27', '2020-04-08', 'lundi', 'H2'),
(939, 7, 14, 7, 30, '2020-01-27', '2020-04-08', 'lundi', 'H3'),
(940, 7, 14, 7, 30, '2020-01-27', '2020-04-08', 'lundi', 'H4'),
(941, 7, NULL, 7, 2, '2020-01-27', '2020-04-08', 'lundi', 'H5'),
(942, 7, NULL, 7, 2, '2020-01-27', '2020-04-08', 'lundi', 'H6'),
(943, 7, 14, 7, 12, '2020-01-27', '2020-04-08', 'lundi', 'H7'),
(944, 7, 14, 7, 12, '2020-01-27', '2020-04-08', 'lundi', 'H8'),
(945, 7, 14, 7, 12, '2020-01-27', '2020-04-08', 'lundi', 'H9'),
(946, 7, NULL, 7, 2, '2020-01-27', '2020-04-08', 'mardi', 'H1'),
(947, 7, 11, 7, 26, '2020-01-27', '2020-04-08', 'mardi', 'H2'),
(948, 7, 11, 7, 26, '2020-01-27', '2020-04-08', 'mardi', 'H3'),
(949, 7, 11, 7, 26, '2020-01-27', '2020-04-08', 'mardi', 'H4'),
(950, 7, NULL, 7, 2, '2020-01-27', '2020-04-08', 'mardi', 'H5'),
(951, 7, NULL, 7, 2, '2020-01-27', '2020-04-08', 'mardi', 'H6'),
(952, 7, 13, 9, 23, '2020-01-27', '2020-04-08', 'mardi', 'H7'),
(953, 7, 13, 9, 23, '2020-01-27', '2020-04-08', 'mardi', 'H8'),
(954, 7, 5, 6, 25, '2020-01-27', '2020-04-08', 'mercredi', 'H1'),
(955, 7, 5, 6, 25, '2020-01-27', '2020-04-08', 'mercredi', 'H2'),
(956, 7, 5, 6, 25, '2020-01-27', '2020-04-08', 'mercredi', 'H3'),
(957, 7, 5, 6, 25, '2020-01-27', '2020-04-08', 'mercredi', 'H4'),
(958, 7, 5, 6, 6, '2020-01-27', '2020-04-08', 'mercredi', 'H5'),
(959, 7, 5, 6, 6, '2020-01-27', '2020-04-08', 'mercredi', 'H6'),
(960, 7, 17, 9, 28, '2020-01-27', '2020-04-08', 'mercredi', 'H7'),
(961, 7, 17, 9, 28, '2020-01-27', '2020-04-08', 'mercredi', 'H8'),
(962, 7, 17, 9, 29, '2020-01-27', '2020-04-08', 'mercredi', 'H9'),
(963, 7, 17, 9, 29, '2020-01-27', '2020-04-08', 'mercredi', 'H10'),
(964, 7, NULL, 1, 2, '2020-01-27', '2020-04-08', 'jeudi', 'H1'),
(965, 7, 1, 1, 21, '2020-01-27', '2020-04-08', 'jeudi', 'H2'),
(966, 7, 1, 1, 21, '2020-01-27', '2020-04-08', 'jeudi', 'H3'),
(967, 7, 1, 1, 21, '2020-01-27', '2020-04-08', 'jeudi', 'H4'),
(968, 7, 4, 5, 11, '2020-01-27', '2020-04-08', 'jeudi', 'H5'),
(969, 7, 4, 5, 11, '2020-01-27', '2020-04-08', 'jeudi', 'H6'),
(970, 7, 14, 7, 31, '2020-01-27', '2020-04-08', 'jeudi', 'H7'),
(971, 7, 14, 7, 31, '2020-01-27', '2020-04-08', 'jeudi', 'H8'),
(972, 7, 17, 7, 22, '2020-01-27', '2020-04-08', 'jeudi', 'H9'),
(973, 7, 11, 7, 26, '2020-01-27', '2020-04-08', 'vendredi', 'H1'),
(974, 7, 11, 7, 26, '2020-01-27', '2020-04-08', 'vendredi', 'H2'),
(975, 7, 4, 7, 27, '2020-01-27', '2020-04-08', 'vendredi', 'H3'),
(976, 7, 4, 7, 27, '2020-01-27', '2020-04-08', 'vendredi', 'H4'),
(977, 7, NULL, 7, 2, '2020-01-27', '2020-04-08', 'vendredi', 'H5'),
(978, 7, NULL, 7, 2, '2020-01-27', '2020-04-08', 'vendredi', 'H6'),
(979, 7, 12, 7, 17, '2020-01-27', '2020-04-08', 'vendredi', 'H7'),
(980, 7, 12, 7, 17, '2020-01-27', '2020-04-08', 'vendredi', 'H8'),
(981, 7, NULL, 7, 2, '2020-01-27', '2020-04-08', 'vendredi', 'H9'),
(982, 7, NULL, 7, 2, '2020-01-27', '2020-04-08', 'vendredi', 'H10'),
(983, 8, NULL, 7, 32, '2020-04-20', '2020-06-26', 'lundi', 'H1'),
(984, 8, NULL, 7, 32, '2020-04-20', '2020-06-26', 'lundi', 'H2'),
(985, 8, NULL, 7, 32, '2020-04-20', '2020-06-26', 'lundi', 'H3'),
(986, 8, NULL, 7, 32, '2020-04-20', '2020-06-26', 'lundi', 'H4'),
(987, 8, NULL, 7, 32, '2020-04-20', '2020-06-26', 'lundi', 'H5'),
(988, 8, NULL, 7, 32, '2020-04-20', '2020-06-26', 'lundi', 'H6'),
(989, 8, NULL, 7, 32, '2020-04-20', '2020-06-26', 'lundi', 'H7'),
(990, 8, NULL, 7, 32, '2020-04-20', '2020-06-26', 'lundi', 'H8'),
(991, 8, NULL, 7, 32, '2020-04-20', '2020-06-26', 'lundi', 'H9'),
(992, 8, NULL, 7, 32, '2020-04-20', '2020-06-26', 'lundi', 'H10'),
(993, 8, NULL, 7, 32, '2020-04-20', '2020-06-26', 'lundi', 'H11'),
(994, 8, NULL, 7, 32, '2020-04-20', '2020-06-26', 'lundi', 'H12'),
(995, 8, NULL, 7, 32, '2020-04-20', '2020-06-26', 'mardi', 'H1'),
(996, 8, NULL, 7, 32, '2020-04-20', '2020-06-26', 'mardi', 'H2'),
(997, 8, NULL, 7, 32, '2020-04-20', '2020-06-26', 'mardi', 'H3'),
(998, 8, NULL, 7, 32, '2020-04-20', '2020-06-26', 'mardi', 'H4'),
(999, 8, NULL, 7, 32, '2020-04-20', '2020-06-26', 'mardi', 'H5'),
(1000, 8, NULL, 7, 32, '2020-04-20', '2020-06-26', 'mardi', 'H6'),
(1001, 8, NULL, 7, 32, '2020-04-20', '2020-06-26', 'mardi', 'H7'),
(1002, 8, NULL, 7, 32, '2020-04-20', '2020-06-26', 'mardi', 'H8'),
(1003, 8, NULL, 7, 32, '2020-04-20', '2020-06-26', 'mardi', 'H9'),
(1004, 8, NULL, 7, 32, '2020-04-20', '2020-06-26', 'mardi', 'H10'),
(1005, 8, NULL, 7, 32, '2020-04-20', '2020-06-26', 'mardi', 'H11'),
(1006, 8, NULL, 7, 32, '2020-04-20', '2020-06-26', 'mardi', 'H12'),
(1007, 8, NULL, 7, 32, '2020-04-20', '2020-06-26', 'mercredi', 'H1'),
(1008, 8, NULL, 7, 32, '2020-04-20', '2020-06-26', 'mercredi', 'H2'),
(1009, 8, NULL, 7, 32, '2020-04-20', '2020-06-26', 'mercredi', 'H3'),
(1010, 8, NULL, 7, 32, '2020-04-20', '2020-06-26', 'mercredi', 'H4'),
(1011, 8, NULL, 7, 32, '2020-04-20', '2020-06-26', 'mercredi', 'H5'),
(1012, 8, NULL, 7, 32, '2020-04-20', '2020-06-26', 'mercredi', 'H6'),
(1013, 8, NULL, 7, 32, '2020-04-20', '2020-06-26', 'mercredi', 'H7'),
(1014, 8, NULL, 7, 32, '2020-04-20', '2020-06-26', 'mercredi', 'H8'),
(1015, 8, NULL, 7, 32, '2020-04-20', '2020-06-26', 'mercredi', 'H9'),
(1016, 8, NULL, 7, 32, '2020-04-20', '2020-06-26', 'mercredi', 'H10'),
(1017, 8, NULL, 7, 32, '2020-04-20', '2020-06-26', 'mercredi', 'H11'),
(1018, 8, NULL, 7, 32, '2020-04-20', '2020-06-26', 'mercredi', 'H12'),
(1019, 8, NULL, 7, 32, '2020-04-20', '2020-06-26', 'jeudi', 'H1'),
(1020, 8, NULL, 7, 32, '2020-04-20', '2020-06-26', 'jeudi', 'H2'),
(1021, 8, NULL, 7, 32, '2020-04-20', '2020-06-26', 'jeudi', 'H3'),
(1022, 8, NULL, 7, 32, '2020-04-20', '2020-06-26', 'jeudi', 'H4'),
(1023, 8, NULL, 7, 32, '2020-04-20', '2020-06-26', 'jeudi', 'H5'),
(1024, 8, NULL, 7, 32, '2020-04-20', '2020-06-26', 'jeudi', 'H6'),
(1025, 8, NULL, 7, 32, '2020-04-20', '2020-06-26', 'jeudi', 'H7'),
(1026, 8, NULL, 7, 32, '2020-04-20', '2020-06-26', 'jeudi', 'H8'),
(1027, 8, NULL, 7, 32, '2020-04-20', '2020-06-26', 'jeudi', 'H9'),
(1028, 8, NULL, 7, 32, '2020-04-20', '2020-06-26', 'jeudi', 'H10'),
(1029, 8, NULL, 7, 32, '2020-04-20', '2020-06-26', 'jeudi', 'H11'),
(1030, 8, NULL, 7, 32, '2020-04-20', '2020-06-26', 'jeudi', 'H12'),
(1031, 8, NULL, 7, 32, '2020-04-20', '2020-06-26', 'vendredi', 'H1'),
(1032, 8, NULL, 7, 32, '2020-04-20', '2020-06-26', 'vendredi', 'H2'),
(1033, 8, NULL, 7, 32, '2020-04-20', '2020-06-26', 'vendredi', 'H3'),
(1034, 8, NULL, 7, 32, '2020-04-20', '2020-06-26', 'vendredi', 'H4'),
(1035, 8, NULL, 7, 32, '2020-04-20', '2020-06-26', 'vendredi', 'H5'),
(1036, 8, NULL, 7, 32, '2020-04-20', '2020-06-26', 'vendredi', 'H6'),
(1037, 8, NULL, 7, 32, '2020-04-20', '2020-06-26', 'vendredi', 'H7'),
(1038, 8, NULL, 7, 32, '2020-04-20', '2020-06-26', 'vendredi', 'H8'),
(1039, 8, NULL, 7, 32, '2020-04-20', '2020-06-26', 'vendredi', 'H9'),
(1040, 8, NULL, 7, 32, '2020-04-20', '2020-06-26', 'vendredi', 'H10'),
(1041, 8, NULL, 7, 32, '2020-04-20', '2020-06-26', 'vendredi', 'H11'),
(1042, 8, NULL, 7, 32, '2020-04-20', '2020-06-26', 'vendredi', 'H12'),
(1043, 7, NULL, 7, 32, '2020-04-20', '2020-06-26', 'lundi', 'H1'),
(1044, 7, NULL, 7, 32, '2020-04-20', '2020-06-26', 'lundi', 'H2'),
(1045, 7, NULL, 7, 32, '2020-04-20', '2020-06-26', 'lundi', 'H3'),
(1046, 7, NULL, 7, 32, '2020-04-20', '2020-06-26', 'lundi', 'H4'),
(1047, 7, NULL, 7, 32, '2020-04-20', '2020-06-26', 'lundi', 'H5'),
(1048, 7, NULL, 7, 32, '2020-04-20', '2020-06-26', 'lundi', 'H6'),
(1049, 7, NULL, 7, 32, '2020-04-20', '2020-06-26', 'lundi', 'H7'),
(1050, 7, NULL, 7, 32, '2020-04-20', '2020-06-26', 'lundi', 'H8'),
(1051, 7, NULL, 7, 32, '2020-04-20', '2020-06-26', 'lundi', 'H9'),
(1052, 7, NULL, 7, 32, '2020-04-20', '2020-06-26', 'lundi', 'H10'),
(1053, 7, NULL, 7, 32, '2020-04-20', '2020-06-26', 'lundi', 'H11'),
(1054, 7, NULL, 7, 32, '2020-04-20', '2020-06-26', 'lundi', 'H12'),
(1055, 7, NULL, 7, 32, '2020-04-20', '2020-06-26', 'mardi', 'H1'),
(1056, 7, NULL, 7, 32, '2020-04-20', '2020-06-26', 'mardi', 'H2'),
(1057, 7, NULL, 7, 32, '2020-04-20', '2020-06-26', 'mardi', 'H3'),
(1058, 7, NULL, 7, 32, '2020-04-20', '2020-06-26', 'mardi', 'H4'),
(1059, 7, NULL, 7, 32, '2020-04-20', '2020-06-26', 'mardi', 'H5'),
(1060, 7, NULL, 7, 32, '2020-04-20', '2020-06-26', 'mardi', 'H6'),
(1061, 7, NULL, 7, 32, '2020-04-20', '2020-06-26', 'mardi', 'H7'),
(1062, 7, NULL, 7, 32, '2020-04-20', '2020-06-26', 'mardi', 'H8'),
(1063, 7, NULL, 7, 32, '2020-04-20', '2020-06-26', 'mardi', 'H9'),
(1064, 7, NULL, 7, 32, '2020-04-20', '2020-06-26', 'mardi', 'H10'),
(1065, 7, NULL, 7, 32, '2020-04-20', '2020-06-26', 'mardi', 'H11'),
(1066, 7, NULL, 7, 32, '2020-04-20', '2020-06-26', 'mardi', 'H12'),
(1067, 7, NULL, 7, 32, '2020-04-20', '2020-06-26', 'mercredi', 'H1'),
(1068, 7, NULL, 7, 32, '2020-04-20', '2020-06-26', 'mercredi', 'H2'),
(1069, 7, NULL, 7, 32, '2020-04-20', '2020-06-26', 'mercredi', 'H3'),
(1070, 7, NULL, 7, 32, '2020-04-20', '2020-06-26', 'mercredi', 'H4'),
(1071, 7, NULL, 7, 32, '2020-04-20', '2020-06-26', 'mercredi', 'H5'),
(1072, 7, NULL, 7, 32, '2020-04-20', '2020-06-26', 'mercredi', 'H6'),
(1073, 7, NULL, 7, 32, '2020-04-20', '2020-06-26', 'mercredi', 'H7'),
(1074, 7, NULL, 7, 32, '2020-04-20', '2020-06-26', 'mercredi', 'H8'),
(1075, 7, NULL, 7, 32, '2020-04-20', '2020-06-26', 'mercredi', 'H9'),
(1076, 7, NULL, 7, 32, '2020-04-20', '2020-06-26', 'mercredi', 'H10'),
(1077, 7, NULL, 7, 32, '2020-04-20', '2020-06-26', 'mercredi', 'H11'),
(1078, 7, NULL, 7, 32, '2020-04-20', '2020-06-26', 'mercredi', 'H12'),
(1079, 7, NULL, 7, 32, '2020-04-20', '2020-06-26', 'jeudi', 'H1'),
(1080, 7, NULL, 7, 32, '2020-04-20', '2020-06-26', 'jeudi', 'H2'),
(1081, 7, NULL, 7, 32, '2020-04-20', '2020-06-26', 'jeudi', 'H3'),
(1082, 7, NULL, 7, 32, '2020-04-20', '2020-06-26', 'jeudi', 'H4'),
(1083, 7, NULL, 7, 32, '2020-04-20', '2020-06-26', 'jeudi', 'H5'),
(1084, 7, NULL, 7, 32, '2020-04-20', '2020-06-26', 'jeudi', 'H6'),
(1085, 7, NULL, 7, 32, '2020-04-20', '2020-06-26', 'jeudi', 'H7'),
(1086, 7, NULL, 7, 32, '2020-04-20', '2020-06-26', 'jeudi', 'H8'),
(1087, 7, NULL, 7, 32, '2020-04-20', '2020-06-26', 'jeudi', 'H9'),
(1088, 7, NULL, 7, 32, '2020-04-20', '2020-06-26', 'jeudi', 'H10'),
(1089, 7, NULL, 7, 32, '2020-04-20', '2020-06-26', 'jeudi', 'H11'),
(1090, 7, NULL, 7, 32, '2020-04-20', '2020-06-26', 'jeudi', 'H12'),
(1091, 7, NULL, 7, 32, '2020-04-20', '2020-06-26', 'vendredi', 'H1'),
(1092, 7, NULL, 7, 32, '2020-04-20', '2020-06-26', 'vendredi', 'H2'),
(1093, 7, NULL, 7, 32, '2020-04-20', '2020-06-26', 'vendredi', 'H3'),
(1094, 7, NULL, 7, 32, '2020-04-20', '2020-06-26', 'vendredi', 'H4'),
(1095, 7, NULL, 7, 32, '2020-04-20', '2020-06-26', 'vendredi', 'H5'),
(1096, 7, NULL, 7, 32, '2020-04-20', '2020-06-26', 'vendredi', 'H6'),
(1097, 7, NULL, 7, 32, '2020-04-20', '2020-06-26', 'vendredi', 'H7'),
(1098, 7, NULL, 7, 32, '2020-04-20', '2020-06-26', 'vendredi', 'H8'),
(1099, 7, NULL, 7, 32, '2020-04-20', '2020-06-26', 'vendredi', 'H9'),
(1100, 7, NULL, 7, 32, '2020-04-20', '2020-06-26', 'vendredi', 'H10'),
(1101, 7, NULL, 7, 32, '2020-04-20', '2020-06-26', 'vendredi', 'H11'),
(1102, 7, NULL, 7, 32, '2020-04-20', '2020-06-26', 'vendredi', 'H12'),
(1103, 1, 17, 10, 33, '2019-08-26', '2019-10-18', 'lundi', 'H7'),
(1104, 1, 17, 10, 33, '2019-08-26', '2019-10-18', 'lundi', 'H8'),
(1105, 1, 17, 10, 33, '2019-08-26', '2019-10-18', 'lundi', 'H9'),
(1106, 1, 17, 10, 33, '2019-08-26', '2019-10-18', 'lundi', 'H10'),
(1107, 1, 13, 3, 34, '2019-08-26', '2019-10-18', 'mardi', 'H7'),
(1108, 1, 13, 3, 34, '2019-08-26', '2019-10-18', 'mardi', 'H8'),
(1109, 1, 13, 3, 34, '2019-08-26', '2019-10-18', 'mardi', 'H9'),
(1110, 1, 6, 3, 10, '2019-08-26', '2019-10-18', 'mercredi', 'H2'),
(1111, 1, 6, 3, 10, '2019-08-26', '2019-10-18', 'mercredi', 'H3'),
(1112, 1, 6, 3, 10, '2019-08-26', '2019-10-18', 'mercredi', 'H4'),
(1113, 1, NULL, 10, 2, '2019-08-26', '2019-10-18', 'mercredi', 'H5'),
(1114, 1, NULL, 10, 2, '2019-08-26', '2019-10-18', 'mercredi', 'H6'),
(1115, 1, 15, 10, 35, '2019-08-26', '2019-10-18', 'mercredi', 'H7'),
(1116, 1, 15, 10, 35, '2019-08-26', '2019-10-18', 'mercredi', 'H8'),
(1117, 1, 15, 10, 35, '2019-08-26', '2019-10-18', 'mercredi', 'H9'),
(1118, 1, 15, 10, 35, '2019-08-26', '2019-10-18', 'mercredi', 'H10'),
(1119, 1, 18, 9, 4, '2019-08-26', '2019-10-18', 'jeudi', 'H1'),
(1120, 1, 18, 9, 4, '2019-08-26', '2019-10-18', 'jeudi', 'H2'),
(1121, 1, 18, 9, 4, '2019-08-26', '2019-10-18', 'jeudi', 'H3'),
(1122, 1, 18, 9, 4, '2019-08-26', '2019-10-18', 'jeudi', 'H4'),
(1123, 1, NULL, 10, 2, '2019-08-26', '2019-10-18', 'jeudi', 'H5'),
(1124, 1, NULL, 10, 2, '2019-08-26', '2019-10-18', 'jeudi', 'H6'),
(1125, 1, 13, 3, 34, '2019-08-26', '2019-10-18', 'jeudi', 'H7'),
(1126, 1, 13, 3, 34, '2019-08-26', '2019-10-18', 'jeudi', 'H8'),
(1127, 1, 13, 3, 34, '2019-08-26', '2019-10-18', 'jeudi', 'H9'),
(1128, 1, 9, 10, 36, '2019-08-26', '2019-10-18', 'jeudi', 'H10'),
(1129, 1, NULL, 10, 2, '2019-08-26', '2019-10-18', 'vendredi', 'H1'),
(1130, 1, NULL, 10, 2, '2019-08-26', '2019-10-18', 'vendredi', 'H2'),
(1131, 1, NULL, 10, 2, '2019-08-26', '2019-10-18', 'vendredi', 'H3'),
(1132, 1, NULL, 10, 2, '2019-08-26', '2019-10-18', 'vendredi', 'H4'),
(1133, 1, NULL, 10, 2, '2019-08-26', '2019-10-18', 'vendredi', 'H5'),
(1134, 1, NULL, 10, 2, '2019-08-26', '2019-10-18', 'vendredi', 'H6'),
(1135, 1, 15, 10, 35, '2019-08-26', '2019-10-18', 'vendredi', 'H7'),
(1136, 1, 15, 10, 35, '2019-08-26', '2019-10-18', 'vendredi', 'H8'),
(1137, 1, 7, 10, 37, '2019-08-26', '2019-10-18', 'vendredi', 'H9'),
(1138, 1, 7, 10, 37, '2019-08-26', '2019-10-18', 'vendredi', 'H10'),
(1139, 1, NULL, 10, 2, '2020-01-06', '2020-03-27', 'lundi', 'H3'),
(1140, 1, NULL, 10, 2, '2020-01-06', '2020-03-27', 'lundi', 'H4'),
(1141, 1, NULL, 10, 2, '2020-01-06', '2020-03-27', 'lundi', 'H5'),
(1142, 1, NULL, 10, 2, '2020-01-06', '2020-03-27', 'lundi', 'H6'),
(1143, 1, 15, 10, 1, '2020-01-06', '2020-03-27', 'lundi', 'H7'),
(1144, 1, 15, 10, 1, '2020-01-06', '2020-03-27', 'lundi', 'H8'),
(1145, 1, 15, 10, 1, '2020-01-06', '2020-03-27', 'lundi', 'H9'),
(1146, 1, NULL, 10, 2, '2020-01-06', '2020-03-27', 'mercredi', 'H1'),
(1147, 1, NULL, 10, 2, '2020-01-06', '2020-03-27', 'mercredi', 'H2'),
(1148, 1, NULL, 10, 2, '2020-01-06', '2020-03-27', 'mercredi', 'H3'),
(1149, 1, NULL, 10, 2, '2020-01-06', '2020-03-27', 'mercredi', 'H4'),
(1150, 1, NULL, 10, 2, '2020-01-06', '2020-03-27', 'mercredi', 'H5'),
(1151, 1, NULL, 10, 2, '2020-01-06', '2020-03-27', 'mercredi', 'H6'),
(1152, 1, 15, 10, 38, '2020-01-06', '2020-03-27', 'mercredi', 'H7'),
(1153, 1, 15, 10, 38, '2020-01-06', '2020-03-27', 'mercredi', 'H8'),
(1154, 1, 15, 10, 38, '2020-01-06', '2020-03-27', 'mercredi', 'H9'),
(1155, 1, 15, 10, 38, '2020-01-06', '2020-03-27', 'mercredi', 'H10'),
(1156, 1, 12, 9, 17, '2020-01-06', '2020-03-27', 'vendredi', 'H1'),
(1157, 1, 12, 9, 17, '2020-01-06', '2020-03-27', 'vendredi', 'H2'),
(1158, 1, 4, 10, 5, '2019-10-28', '2019-12-20', 'lundi', 'H1'),
(1159, 1, 4, 10, 5, '2019-10-28', '2019-12-20', 'lundi', 'H2'),
(1160, 1, 4, 10, 14, '2019-10-28', '2019-12-20', 'lundi', 'H3'),
(1161, 1, 4, 10, 14, '2019-10-28', '2019-12-20', 'lundi', 'H4'),
(1162, 1, 17, 9, 39, '2019-10-28', '2019-12-20', 'lundi', 'H7'),
(1163, 1, 17, 9, 39, '2019-10-28', '2019-12-20', 'lundi', 'H8'),
(1164, 1, 17, 9, 39, '2019-10-28', '2019-12-20', 'lundi', 'H9'),
(1165, 1, 17, 9, 39, '2019-10-28', '2019-12-20', 'lundi', 'H10'),
(1166, 1, 7, 10, 40, '2019-10-28', '2019-12-20', 'mardi', 'H7'),
(1167, 1, 7, 10, 40, '2019-10-28', '2019-12-20', 'mardi', 'H8'),
(1168, 1, 7, 10, 40, '2019-10-28', '2019-12-20', 'mardi', 'H9'),
(1169, 1, 7, 10, 40, '2019-10-28', '2019-12-20', 'mardi', 'H10'),
(1170, 1, 7, 10, 40, '2019-10-28', '2019-12-20', 'jeudi', 'H1'),
(1171, 1, 7, 10, 40, '2019-10-28', '2019-12-20', 'jeudi', 'H2'),
(1172, 1, 7, 10, 40, '2019-10-28', '2019-12-20', 'jeudi', 'H3'),
(1173, 1, 7, 10, 40, '2019-10-28', '2019-12-20', 'jeudi', 'H4'),
(1174, 1, NULL, 10, 2, '2019-10-28', '2019-12-20', 'jeudi', 'H5'),
(1175, 1, NULL, 10, 2, '2019-10-28', '2019-12-20', 'jeudi', 'H6'),
(1176, 1, NULL, 10, 2, '2019-10-28', '2019-12-20', 'jeudi', 'H7'),
(1177, 1, NULL, 10, 2, '2019-10-28', '2019-12-20', 'jeudi', 'H8'),
(1178, 1, NULL, 10, 2, '2019-10-28', '2019-12-20', 'jeudi', 'H9'),
(1179, 1, NULL, 10, 2, '2019-10-28', '2019-12-20', 'jeudi', 'H10'),
(1180, 1, NULL, 10, 2, '2019-10-28', '2019-12-20', 'vendredi', 'H3'),
(1181, 1, NULL, 10, 2, '2019-10-28', '2019-12-20', 'vendredi', 'H4'),
(1182, 1, NULL, 10, 2, '2019-10-28', '2019-12-20', 'vendredi', 'H5'),
(1183, 1, NULL, 10, 2, '2019-10-28', '2019-12-20', 'vendredi', 'H6'),
(1184, 1, 1, 10, 41, '2020-03-30', '2020-06-26', 'mercredi', 'H7'),
(1185, 1, 1, 10, 41, '2020-03-30', '2020-06-26', 'mercredi', 'H8'),
(1186, 1, 1, 10, 41, '2020-03-30', '2020-06-26', 'mercredi', 'H9'),
(1187, 1, 1, 10, 41, '2020-03-30', '2020-06-26', 'mercredi', 'H10'),
(1188, 1, 15, 10, 1, '2020-03-30', '2020-06-26', 'lundi', 'H7'),
(1189, 1, 15, 10, 1, '2020-03-30', '2020-06-26', 'lundi', 'H8'),
(1190, 1, 15, 10, 1, '2020-03-30', '2020-06-26', 'lundi', 'H9'),
(1191, 1, NULL, 10, 2, '2020-03-30', '2020-06-26', 'mercredi', 'H2'),
(1192, 1, NULL, 10, 2, '2020-03-30', '2020-06-26', 'mercredi', 'H3'),
(1193, 1, NULL, 10, 2, '2020-03-30', '2020-06-26', 'mercredi', 'H4'),
(1194, 1, NULL, 10, 2, '2020-03-30', '2020-06-26', 'mercredi', 'H5'),
(1195, 1, NULL, 10, 2, '2020-03-30', '2020-06-26', 'mercredi', 'H6'),
(1196, 1, 7, 10, 41, '2020-03-30', '2020-06-26', 'mercredi', 'H7'),
(1197, 1, 7, 10, 41, '2020-03-30', '2020-06-26', 'mercredi', 'H8'),
(1198, 1, 7, 10, 41, '2020-03-30', '2020-06-26', 'mercredi', 'H9'),
(1199, 1, 7, 10, 41, '2020-03-30', '2020-06-26', 'mercredi', 'H10'),
(1200, 1, NULL, 10, 2, '2020-03-30', '2020-06-26', 'vendredi', 'H2'),
(1201, 1, NULL, 10, 2, '2020-03-30', '2020-06-26', 'vendredi', 'H3'),
(1202, 1, NULL, 10, 2, '2020-03-30', '2020-06-26', 'vendredi', 'H4'),
(1203, 1, NULL, 10, 2, '2020-03-30', '2020-06-26', 'vendredi', 'H5'),
(1204, 1, NULL, 10, 2, '2020-03-30', '2020-06-26', 'vendredi', 'H6'),
(1205, 1, 7, 10, 41, '2020-03-30', '2020-06-26', 'vendredi', 'H7'),
(1206, 1, 7, 10, 41, '2020-03-30', '2020-06-26', 'vendredi', 'H8'),
(1207, 1, 7, 10, 41, '2020-03-30', '2020-06-26', 'vendredi', 'H9'),
(1208, 1, 7, 10, 41, '2020-03-30', '2020-06-26', 'vendredi', 'H10'),
(1209, 2, NULL, 10, 2, '2019-08-26', '2019-10-18', 'lundi', 'H3'),
(1210, 2, NULL, 10, 2, '2019-08-26', '2019-10-18', 'lundi', 'H4'),
(1211, 2, NULL, 10, 2, '2019-08-26', '2019-10-18', 'lundi', 'H5'),
(1212, 2, NULL, 10, 2, '2019-08-26', '2019-10-18', 'lundi', 'H6'),
(1213, 2, 19, 9, 34, '2019-08-26', '2019-10-18', 'lundi', 'H7'),
(1214, 2, 19, 9, 34, '2019-08-26', '2019-10-18', 'lundi', 'H8'),
(1215, 2, 19, 9, 34, '2019-08-26', '2019-10-18', 'lundi', 'H9'),
(1216, 2, 7, 11, 35, '2019-08-26', '2019-10-18', 'mardi', 'H1'),
(1217, 2, 7, 11, 35, '2019-08-26', '2019-10-18', 'mardi', 'H2'),
(1218, 2, 7, 11, 35, '2019-08-26', '2019-10-18', 'mardi', 'H3'),
(1219, 2, 7, 11, 35, '2019-08-26', '2019-10-18', 'mardi', 'H4'),
(1220, 2, NULL, 10, 2, '2019-08-26', '2019-10-18', 'mardi', 'H5'),
(1221, 2, NULL, 10, 2, '2019-08-26', '2019-10-18', 'mardi', 'H6'),
(1222, 2, 7, 11, 37, '2019-08-26', '2019-10-18', 'mardi', 'H7'),
(1223, 2, 7, 11, 37, '2019-08-26', '2019-10-18', 'mardi', 'H8'),
(1224, 2, 19, 9, 10, '2019-08-26', '2019-10-18', 'mercredi', 'H2'),
(1225, 2, 19, 9, 10, '2019-08-26', '2019-10-18', 'mercredi', 'H3'),
(1226, 2, 19, 9, 10, '2019-08-26', '2019-10-18', 'mercredi', 'H4'),
(1227, 2, NULL, 10, 2, '2019-08-26', '2019-10-18', 'mercredi', 'H5'),
(1228, 2, NULL, 10, 2, '2019-08-26', '2019-10-18', 'mercredi', 'H6'),
(1229, 2, 17, 11, 33, '2019-08-26', '2019-10-18', 'mercredi', 'H7'),
(1230, 2, 17, 11, 33, '2019-08-26', '2019-10-18', 'mercredi', 'H8'),
(1231, 2, 17, 11, 33, '2019-08-26', '2019-10-18', 'mercredi', 'H9'),
(1232, 2, 17, 11, 33, '2019-08-26', '2019-10-18', 'mercredi', 'H10'),
(1233, 2, NULL, 10, 2, '2019-08-26', '2019-10-18', 'jeudi', 'H5'),
(1234, 2, NULL, 10, 2, '2019-08-26', '2019-10-18', 'jeudi', 'H6'),
(1235, 2, 19, 9, 34, '2019-08-26', '2019-10-18', 'jeudi', 'H7'),
(1236, 2, 19, 9, 34, '2019-08-26', '2019-10-18', 'jeudi', 'H8'),
(1237, 2, 19, 9, 34, '2019-08-26', '2019-10-18', 'jeudi', 'H9'),
(1238, 2, 9, 11, 36, '2019-08-26', '2019-10-18', 'vendredi', 'H6'),
(1239, 2, 7, 11, 35, '2019-08-26', '2019-10-18', 'vendredi', 'H7'),
(1240, 2, 7, 11, 35, '2019-08-26', '2019-10-18', 'vendredi', 'H8'),
(1241, 2, NULL, 11, 2, '2020-01-06', '2020-03-27', 'mardi', 'H1'),
(1242, 2, NULL, 11, 2, '2020-01-06', '2020-03-27', 'mardi', 'H2'),
(1243, 2, NULL, 11, 2, '2020-01-06', '2020-03-27', 'mardi', 'H3'),
(1244, 2, NULL, 11, 2, '2020-01-06', '2020-03-27', 'mardi', 'H4'),
(1245, 2, NULL, 11, 2, '2020-01-06', '2020-03-27', 'mardi', 'H5'),
(1246, 2, NULL, 11, 2, '2020-01-06', '2020-03-27', 'mardi', 'H6'),
(1247, 2, 10, 11, 38, '2020-01-06', '2020-03-27', 'mardi', 'H7'),
(1248, 2, 10, 11, 38, '2020-01-06', '2020-03-27', 'mardi', 'H8'),
(1249, 2, 10, 11, 38, '2020-01-06', '2020-03-27', 'mardi', 'H9'),
(1250, 2, 10, 11, 38, '2020-01-06', '2020-03-27', 'mardi', 'H10'),
(1251, 2, 7, 11, 1, '2020-01-06', '2020-03-27', 'jeudi', 'H2'),
(1252, 2, 7, 11, 1, '2020-01-06', '2020-03-27', 'jeudi', 'H3'),
(1253, 2, 7, 11, 1, '2020-01-06', '2020-03-27', 'jeudi', 'H4'),
(1254, 2, NULL, 11, 2, '2020-01-06', '2020-03-27', 'jeudi', 'H5'),
(1255, 2, NULL, 11, 2, '2020-01-06', '2020-03-27', 'jeudi', 'H6'),
(1256, 2, NULL, 11, 2, '2020-01-06', '2020-03-27', 'jeudi', 'H7'),
(1257, 2, NULL, 11, 2, '2020-01-06', '2020-03-27', 'jeudi', 'H8'),
(1258, 2, NULL, 11, 2, '2020-01-06', '2020-03-27', 'jeudi', 'H9'),
(1259, 2, 12, 9, 17, '2020-01-06', '2020-03-27', 'vendredi', 'H3'),
(1260, 2, 12, 9, 17, '2020-01-06', '2020-03-27', 'vendredi', 'H4'),
(1261, 2, 20, 11, 5, '2019-10-28', '2019-12-20', 'lundi', 'H1'),
(1262, 2, 20, 11, 5, '2019-10-28', '2019-12-20', 'lundi', 'H2'),
(1263, 2, 20, 11, 14, '2019-10-28', '2019-12-20', 'lundi', 'H3'),
(1264, 2, 20, 11, 14, '2019-10-28', '2019-12-20', 'lundi', 'H4'),
(1265, 2, 7, 11, 40, '2019-10-28', '2019-12-20', 'mercredi', 'H1'),
(1266, 2, 7, 11, 40, '2019-10-28', '2019-12-20', 'mercredi', 'H2'),
(1267, 2, 7, 11, 40, '2019-10-28', '2019-12-20', 'mercredi', 'H3'),
(1268, 2, 7, 11, 40, '2019-10-28', '2019-12-20', 'mercredi', 'H4'),
(1269, 2, 17, 9, 39, '2019-10-28', '2019-12-20', 'mercredi', 'H7'),
(1270, 2, 17, 9, 39, '2019-10-28', '2019-12-20', 'mercredi', 'H8'),
(1271, 2, 17, 9, 39, '2019-10-28', '2019-12-20', 'mercredi', 'H9'),
(1272, 2, 17, 9, 39, '2019-10-28', '2019-12-20', 'mercredi', 'H10'),
(1273, 2, 18, 9, 4, '2019-10-28', '2019-12-20', 'jeudi', 'H1'),
(1274, 2, 18, 9, 4, '2019-10-28', '2019-12-20', 'jeudi', 'H2'),
(1275, 2, 18, 9, 4, '2019-10-28', '2019-12-20', 'jeudi', 'H3'),
(1276, 2, 18, 9, 4, '2019-10-28', '2019-12-20', 'jeudi', 'H4'),
(1277, 2, NULL, 10, 2, '2019-10-28', '2019-12-20', 'jeudi', 'H5'),
(1278, 2, NULL, 10, 2, '2019-10-28', '2019-12-20', 'jeudi', 'H6'),
(1279, 2, NULL, 10, 2, '2019-10-28', '2019-12-20', 'jeudi', 'H7'),
(1280, 2, NULL, 10, 2, '2019-10-28', '2019-12-20', 'jeudi', 'H8'),
(1281, 2, NULL, 10, 2, '2019-10-28', '2019-12-20', 'jeudi', 'H9'),
(1282, 2, NULL, 10, 2, '2019-10-28', '2019-12-20', 'jeudi', 'H10'),
(1283, 2, NULL, 10, 2, '2019-10-28', '2019-12-20', 'vendredi', 'H3'),
(1284, 2, NULL, 10, 2, '2019-10-28', '2019-12-20', 'vendredi', 'H4'),
(1285, 2, NULL, 10, 2, '2019-10-28', '2019-12-20', 'vendredi', 'H5'),
(1286, 2, NULL, 10, 2, '2019-10-28', '2019-12-20', 'vendredi', 'H6'),
(1287, 2, 7, 11, 40, '2019-10-28', '2019-12-20', 'vendredi', 'H7'),
(1288, 2, 7, 11, 40, '2019-10-28', '2019-12-20', 'vendredi', 'H8'),
(1289, 2, 7, 11, 40, '2019-10-28', '2019-12-20', 'vendredi', 'H9'),
(1290, 2, 7, 11, 40, '2019-10-28', '2019-12-20', 'vendredi', 'H10'),
(1291, 2, 7, 11, 41, '2020-03-30', '2020-06-26', 'mardi', 'H1'),
(1292, 2, 7, 11, 41, '2020-03-30', '2020-06-26', 'mardi', 'H2'),
(1293, 2, 7, 11, 41, '2020-03-30', '2020-06-26', 'mardi', 'H3'),
(1294, 2, 7, 11, 41, '2020-03-30', '2020-06-26', 'mardi', 'H4'),
(1295, 2, NULL, 11, 2, '2020-03-30', '2020-06-26', 'mardi', 'H5'),
(1296, 2, NULL, 11, 2, '2020-03-30', '2020-06-26', 'mardi', 'H6'),
(1297, 2, 7, 11, 1, '2020-03-30', '2020-06-26', 'mardi', 'H7'),
(1298, 2, 7, 11, 1, '2020-03-30', '2020-06-26', 'mardi', 'H8'),
(1299, 2, 7, 11, 1, '2020-03-30', '2020-06-26', 'mardi', 'H9'),
(1300, 2, NULL, 11, 2, '2020-03-30', '2020-06-26', 'mardi', 'H10'),
(1301, 2, NULL, 11, 2, '2020-03-30', '2020-06-26', 'mardi', 'H11'),
(1302, 2, 7, 11, 41, '2020-03-30', '2020-06-26', 'jeudi', 'H1'),
(1303, 2, 7, 11, 41, '2020-03-30', '2020-06-26', 'jeudi', 'H2'),
(1304, 2, 7, 11, 41, '2020-03-30', '2020-06-26', 'jeudi', 'H3'),
(1305, 2, 7, 11, 41, '2020-03-30', '2020-06-26', 'jeudi', 'H4'),
(1306, 2, NULL, 11, 2, '2020-03-30', '2020-06-26', 'jeudi', 'H5'),
(1307, 2, NULL, 11, 2, '2020-03-30', '2020-06-26', 'jeudi', 'H6'),
(1308, 2, NULL, 11, 2, '2020-03-30', '2020-06-26', 'jeudi', 'H7'),
(1309, 2, NULL, 11, 2, '2020-03-30', '2020-06-26', 'jeudi', 'H8'),
(1310, 2, NULL, 11, 2, '2020-03-30', '2020-06-26', 'jeudi', 'H9'),
(1311, 2, NULL, 11, 2, '2020-03-30', '2020-06-26', 'jeudi', 'H10'),
(1312, 2, 11, 11, 41, '2020-03-30', '2020-06-26', 'jeudi', 'H1'),
(1313, 2, 11, 11, 41, '2020-03-30', '2020-06-26', 'jeudi', 'H2'),
(1314, 2, 11, 11, 41, '2020-03-30', '2020-06-26', 'jeudi', 'H3');

-- --------------------------------------------------------

--
-- Structure de la table `professeur`
--

DROP TABLE IF EXISTS `professeur`;
CREATE TABLE IF NOT EXISTS `professeur` (
  `idProfesseur` int(11) NOT NULL AUTO_INCREMENT,
  `nomProfesseur` varchar(50) NOT NULL,
  PRIMARY KEY (`idProfesseur`)
) ENGINE=InnoDB AUTO_INCREMENT=21 DEFAULT CHARSET=utf8;

--
-- Déchargement des données de la table `professeur`
--

INSERT INTO `professeur` (`idProfesseur`, `nomProfesseur`) VALUES
(1, 'M. BATARD'),
(2, 'M. FLÜCKIGER'),
(3, 'Mme COCHET'),
(4, 'M. QUINLAN'),
(5, 'M. BAYAT'),
(6, 'M. THEVOZ'),
(7, 'M. VOGT'),
(8, 'M. MONNIER'),
(9, 'M. BLANVILLAIN'),
(10, 'M. SERVETTAZ'),
(11, 'Mme RAMOS'),
(12, 'M. PERRUCHOUD'),
(13, 'Mme WIJESIRI GENNARI'),
(14, 'M. STEINLE'),
(15, 'M. FONTAINE'),
(16, 'M. MUSY'),
(17, 'M. de BANOFF'),
(18, 'Mme LEOCATA'),
(19, 'M. BATTOLO'),
(20, 'M. RAMOS');

-- --------------------------------------------------------

--
-- Structure de la table `salle`
--

DROP TABLE IF EXISTS `salle`;
CREATE TABLE IF NOT EXISTS `salle` (
  `idSalle` int(11) NOT NULL AUTO_INCREMENT,
  `nomSalle` varchar(10) NOT NULL,
  PRIMARY KEY (`idSalle`)
) ENGINE=InnoDB AUTO_INCREMENT=12 DEFAULT CHARSET=utf8;

--
-- Déchargement des données de la table `salle`
--

INSERT INTO `salle` (`idSalle`, `nomSalle`) VALUES
(1, 'RU305'),
(2, 'RU311'),
(3, 'RU303'),
(4, 'RU302'),
(5, 'à définir'),
(6, 'RU316'),
(7, 'RU317'),
(8, 'RU318'),
(9, 'RU304'),
(10, 'RU319'),
(11, 'RU330');

--
-- Contraintes pour les tables déchargées
--

--
-- Contraintes pour la table `etudiant`
--
ALTER TABLE `etudiant`
  ADD CONSTRAINT `etudiant_ibfk_1` FOREIGN KEY (`idGroupe`) REFERENCES `groupe` (`idGroupe`);

--
-- Contraintes pour la table `horaire`
--
ALTER TABLE `horaire`
  ADD CONSTRAINT `horaire_ibfk_1` FOREIGN KEY (`idGroupe`) REFERENCES `groupe` (`idGroupe`),
  ADD CONSTRAINT `horaire_ibfk_2` FOREIGN KEY (`idCours`) REFERENCES `cours` (`idCours`),
  ADD CONSTRAINT `horaire_ibfk_3` FOREIGN KEY (`idSalle`) REFERENCES `salle` (`idSalle`),
  ADD CONSTRAINT `horaire_ibfk_4` FOREIGN KEY (`idProfesseur`) REFERENCES `professeur` (`idProfesseur`);
COMMIT;

/*!40101 SET CHARACTER_SET_CLIENT=@OLD_CHARACTER_SET_CLIENT */;
/*!40101 SET CHARACTER_SET_RESULTS=@OLD_CHARACTER_SET_RESULTS */;
/*!40101 SET COLLATION_CONNECTION=@OLD_COLLATION_CONNECTION */;
